Make,Model,Vehicle Class,Engine Size (L),Cylinders,Transmission,Fuel Type,Fuel Consumption City (L/100 km),Fuel Consumption Hwy (L/100 km),Fuel Consumption Comb (L/100 km),Fuel Consumption Comb (mpg),CO2 Emissions (g/km)
BMW,Model B,Compact,2.9,8,M5,X,15.18,12.42,17.54,31.42,335.36
Honda,Model C,SUV,1.6,4,M6,Z,13.89,4.87,14.33,16.93,127.99
Toyota,Model A,SUV,5.9,4,A8,Z,7.23,4.52,17.9,34.28,256.26
BMW,Model A,SUV,1.1,4,A6,X,7.58,4.21,14.08,32.63,350.92
BMW,Model A,Sedan,4.7,8,M6,Z,18.18,6.08,8.82,41.87,349.06
Honda,Model A,Compact,4.8,4,M6,Z,13.38,8.56,13.74,34.6,386.84
Toyota,Model A,SUV,2.2,8,A8,X,18.05,14.29,14.13,25.47,309.48
Toyota,Model A,Compact,4.4,4,M6,Z,10.57,9.03,9.83,43.99,162.33
BMW,Model A,Sedan,1.5,6,M6,X,14.22,7.19,5.23,39.05,106.08
Ford,Model B,SUV,2.3,4,A6,Z,12.85,10.18,14.14,33.91,243.82
BMW,Model C,Truck,4.9,4,A6,Z,9.79,5.23,5.28,23.79,254.11
BMW,Model A,Sedan,5.3,8,A6,Z,12.05,10.7,13.21,26.21,172.08
BMW,Model B,Truck,4,8,M5,X,12.54,10.25,7.13,35.1,137.41
BMW,Model B,Compact,3.5,4,M5,Z,8.01,12.71,12.35,17.16,275.86
Honda,Model C,Compact,1.8,6,A6,X,9.73,14.85,11.55,22.7,329.28
Toyota,Model A,Sedan,1.3,4,A6,X,16.87,6.76,5.18,36.42,397.95
Honda,Model C,Compact,1.6,4,M5,Z,18.74,9.61,9.72,29.4,327.49
Honda,Model A,Truck,2.1,6,A8,X,10.4,14,12.81,27.07,338.09
Honda,Model B,SUV,2.7,8,M6,Z,9.6,12.64,16.03,19.54,284.94
BMW,Model B,SUV,2.9,4,M6,X,7.93,9.36,16.55,28.26,395.78
Ford,Model B,SUV,2.7,8,A6,X,15.18,14.4,11.29,38.12,291.99
Toyota,Model B,Sedan,2.2,8,A8,Z,9.85,4.63,14.47,22.92,358.08
Ford,Model C,Compact,3.5,6,M5,Z,19.82,14.24,9.11,15.16,383.74
Honda,Model A,Truck,5.1,6,A6,Z,9.89,4.56,9.45,35.06,378.96
Honda,Model A,Compact,2.4,8,A8,Z,10.91,10.02,7.53,44.18,214.42
Ford,Model C,Compact,5.7,4,A8,X,14.05,13.79,12.31,33.2,123.6
Ford,Model A,Compact,5.4,8,A8,X,17.03,6.89,9.09,18.6,151.56
Ford,Model B,SUV,1.8,4,M5,X,12.04,9.19,6.1,24.62,117.77
Honda,Model A,Truck,4.9,4,M5,Z,11.34,7.57,13.91,41.03,131.62
Honda,Model B,Truck,3.9,6,M6,X,19.93,14.47,14.2,21.98,155.4
Toyota,Model C,Compact,3.8,4,M6,Z,5.16,13.06,9.68,33.23,202.33
Toyota,Model A,SUV,3,4,A8,X,18.43,11.8,6,27.08,263.06
Honda,Model C,SUV,3.5,8,A8,Z,7.24,10.46,10.54,21.24,313.5
Ford,Model A,Truck,3,6,M5,X,16.79,13.03,10.75,39.4,163.28
Ford,Model B,SUV,3.7,4,M6,X,14.27,8.31,13.69,37.28,301.76
Toyota,Model C,SUV,4.1,4,A8,Z,10.13,8.92,9.1,34.85,311.28
Honda,Model A,SUV,4.4,6,M6,X,18.11,12.03,13.87,22.09,267.59
Toyota,Model B,Sedan,3.7,8,M6,Z,5.19,7.94,16.33,17.94,371.09
Toyota,Model C,Compact,4.6,6,A8,X,8.4,4.7,8.09,32.28,133.3
BMW,Model C,Truck,1.7,6,M5,X,13.5,4.82,17.73,31.61,153.14
BMW,Model A,Truck,2.1,4,A8,Z,10.27,5.27,10.02,20.65,228.6
BMW,Model A,Sedan,5.1,4,A8,Z,14.16,13.57,8.47,16.69,138.01
Ford,Model A,Compact,2.6,8,M6,X,5.36,9.19,10.48,17.42,269.89
Honda,Model B,Truck,1.1,4,A8,X,6.75,11.84,6.23,44.78,219.52
Honda,Model A,SUV,1.8,4,M5,X,6.91,8.32,6.63,38.51,185.38
Honda,Model C,Truck,2.1,6,A8,X,7.84,6.85,10.39,42.66,151
Honda,Model C,SUV,5.8,4,M5,X,11.89,7.82,14.91,20.85,200.6
BMW,Model A,Sedan,3.9,8,M5,X,16.28,12.74,16.7,43.82,282.39
Ford,Model A,SUV,5.7,6,M6,Z,18.58,10.88,13.64,19.28,272.74
Ford,Model C,Truck,3.9,8,A6,Z,17.53,14.31,6.37,30.27,149.09
BMW,Model B,Truck,3.4,6,A6,Z,7.95,11.48,13.74,39.89,137.48
Ford,Model A,Truck,2.6,4,M6,X,11.62,10.27,13.26,25.49,108
BMW,Model A,Sedan,4,6,A8,X,7.99,10.71,15.47,27.74,103.73
Honda,Model C,Sedan,1.7,6,M6,X,8.97,14.37,15.73,18.85,363.94
BMW,Model A,Compact,5.5,4,M5,Z,12.55,12.67,16.29,18.69,113.53
Honda,Model B,Truck,5.1,4,A6,Z,6.02,4.26,10.38,33.59,319.37
Honda,Model C,SUV,2.6,8,M6,X,8.27,9.88,14.07,35.27,361.6
Toyota,Model A,Sedan,5.8,8,A8,X,19.03,11.57,8.49,38.32,129.42
BMW,Model C,Truck,5.1,4,M6,Z,11.99,12.24,17.99,31.7,230.89
Toyota,Model A,Truck,4.3,4,A6,Z,11.68,6.34,7.28,34.37,388.69
BMW,Model A,Sedan,1.6,4,M6,Z,5.22,13.54,5.13,15.41,350.24
BMW,Model A,Compact,3.4,6,M6,X,8.71,14.51,6.93,19.87,246.91
Toyota,Model B,Sedan,3.5,6,A6,X,17.99,6.6,15.09,44.55,328.77
Toyota,Model B,Sedan,2.2,6,M5,X,7.47,13.71,10.81,17.28,350.01
BMW,Model C,SUV,1.4,4,M5,Z,11.23,5.07,10.82,35.36,204.41
Ford,Model A,SUV,4.9,8,A6,Z,5.21,4.61,17.42,20.28,367.65
Honda,Model A,Compact,1.6,4,M6,X,12.18,5.42,16.96,36.5,241.14
Toyota,Model B,Truck,4,6,A6,X,5.32,4.64,9.05,36.18,258.34
Honda,Model A,Sedan,5.7,6,M5,Z,17.29,13.3,7.72,22.03,399.91
Ford,Model B,Compact,5.4,4,A8,X,17.37,4.65,16.03,23.09,352.99
Ford,Model A,SUV,2.4,4,M6,Z,16.82,6.99,16.78,34.64,208.53
Ford,Model C,Sedan,5.3,6,M5,Z,9.25,5.14,12.04,26.7,103.1
Toyota,Model A,Truck,1,6,M6,X,17.56,7.25,13.18,20.84,287.85
Ford,Model A,SUV,1.1,6,A6,Z,13.14,5,8.34,36.95,311.17
Toyota,Model B,SUV,4,4,A8,X,10.61,11.35,15.41,19.62,295.24
Ford,Model A,SUV,2.8,6,A6,Z,14.38,5.47,13.22,40.67,390.36
Honda,Model A,Compact,2.9,6,A8,Z,5.19,13.37,11.55,30.44,358.89
Honda,Model B,Truck,3.8,8,M6,X,7.14,12.99,5.78,18.17,234.65
BMW,Model C,Sedan,2,4,M6,Z,16.13,4.15,16.91,35.82,118.86
Honda,Model C,Compact,2.1,8,A6,X,8.66,13.85,13,30.57,242.82
BMW,Model B,Compact,3.4,8,A8,X,13.97,4.32,7.5,23.94,306.77
Honda,Model B,Compact,4.8,6,A8,Z,10.78,6.64,12.88,27.68,282.31
Toyota,Model B,SUV,4.1,4,M6,X,17.82,4.36,13.81,23.95,261.44
Honda,Model B,Truck,2.5,6,A6,X,19.29,7.69,11.84,22.89,240.65
BMW,Model B,Compact,3.2,4,A8,X,18.25,9.65,14.34,19.91,188.13
BMW,Model C,Sedan,1.9,8,M6,X,9.06,12.76,12.56,25.88,183.2
Ford,Model C,Truck,1.4,4,M5,X,7.91,7.72,17.32,22.53,250.07
Toyota,Model B,Sedan,4.9,6,A6,X,12.12,11.76,5.7,35.5,148.18
Honda,Model A,Truck,2.3,6,M5,Z,5.11,6.06,6.38,35.52,202.21
Ford,Model B,Sedan,1.9,6,A6,X,5.39,12.26,7.26,30.06,197.19
Honda,Model A,SUV,4.5,4,M6,Z,13.3,6.6,13.97,38.34,276.14
Honda,Model B,Compact,4.1,8,A8,Z,12.81,5.58,13.39,40.24,120
Ford,Model B,Sedan,4.2,8,A8,X,19.92,6.04,16.6,32.39,348.9
Ford,Model C,Truck,2.1,4,A8,Z,8.03,6,14.53,33.57,268.71
Ford,Model A,Compact,2.2,6,A6,Z,8.87,9.64,11.61,23.49,301.25
Ford,Model A,Compact,2.1,8,M6,X,6.7,13.29,17.89,41.85,310.93
Ford,Model C,Truck,1.9,6,M5,X,18.76,4.88,8.46,15.73,187.45
Honda,Model C,Sedan,4.3,4,M6,X,16.67,11.78,15.83,25.46,241.11
Ford,Model C,SUV,5.2,6,M5,Z,17.34,11.2,10.55,36.65,386.87
Toyota,Model C,SUV,4.6,8,A6,Z,18.54,13.6,13.43,17.4,330.01
BMW,Model A,Sedan,5,8,A6,X,12.87,6.69,14.45,20.5,390.87
Ford,Model A,Compact,3,6,M5,X,11.77,8.95,13.24,32.68,323.88
Ford,Model B,Compact,4.3,4,M5,Z,9.96,14.18,6.83,31.8,152.68
Honda,Model B,Compact,2.8,6,M5,Z,13.84,11.26,10.76,37.17,119.36
Ford,Model C,Compact,3.6,4,M6,Z,11.81,8.28,12.3,39.38,273.3
Ford,Model C,Sedan,3.4,6,M5,Z,11.77,5.45,16.04,18.86,207.34
Ford,Model C,Compact,1.9,8,A6,X,19.05,6.89,10.77,15.55,182.64
Honda,Model B,Truck,2.9,4,A6,Z,19.76,10.39,16.94,35.69,342.16
Ford,Model B,Compact,5.8,4,A8,Z,16.95,11.9,10.72,24.04,210.1
BMW,Model B,SUV,2.2,4,M5,Z,16.35,5.37,12.13,33.78,195.1
Honda,Model B,Compact,1.7,8,M6,Z,15.21,10.6,15.35,19.52,355
BMW,Model B,Sedan,3.1,6,M6,X,7.49,10.05,12.58,29.07,353.89
Honda,Model B,SUV,5,8,M6,X,5.89,9.65,17.48,30.13,206.91
Ford,Model B,Sedan,3.9,4,A8,Z,15.36,11.59,13.58,32.55,349.75
BMW,Model C,Sedan,4.4,6,A6,Z,15.93,13.21,11.8,30.4,355.23
Honda,Model C,SUV,1.9,8,M6,X,5.7,7.55,5.31,29.87,227.18
Toyota,Model C,Sedan,4.1,4,A6,X,18.92,13.78,10.38,24.98,119.94
Ford,Model C,Sedan,2.6,4,A8,Z,6.37,5.77,8.89,17.14,100.48
Honda,Model B,Compact,5.2,8,M5,Z,9.29,5.9,14.73,17.69,256.99
Toyota,Model A,Truck,4.1,8,M5,X,15.09,6.93,7.71,28.01,203.22
Honda,Model B,Sedan,2,8,M5,X,7.55,5.31,7.67,25.67,399.14
Toyota,Model A,Sedan,1.3,4,M6,X,5.83,6.53,7.46,30.48,331.72
Ford,Model C,Sedan,1.2,8,M5,X,9.97,5.17,6.63,24.15,328.38
BMW,Model B,Compact,2.9,4,M6,X,16.49,13.04,9.04,35.64,386.57
Toyota,Model C,Truck,2.3,8,A8,X,11.21,5.53,16.52,40.92,366.32
Honda,Model B,SUV,4.2,4,A8,Z,14.79,12.22,15.07,23.97,195.46
Ford,Model C,Compact,3.5,4,M6,X,13.69,4.53,14.56,20.79,149.8
Toyota,Model A,Compact,2.3,6,A6,X,5.33,14.43,15.37,18.49,323.77
Honda,Model A,Truck,1.7,8,M5,X,19.83,11.82,8.5,33.49,213.48
Honda,Model A,Truck,1.6,8,M5,X,5.62,4.07,16.54,28.32,241.95
Honda,Model B,Compact,5.3,4,M5,Z,19.52,12.4,6.78,20.64,289.12
Toyota,Model A,SUV,2.2,4,M6,Z,13.25,9.65,9.37,34.59,372.36
Toyota,Model B,Compact,4.3,4,A8,X,19.45,12.57,12.63,19.45,225.73
Toyota,Model A,Truck,5.1,6,M5,Z,6.72,9.75,6.34,31.63,335
BMW,Model A,SUV,4.1,6,A8,Z,12.36,11.05,14.49,30.81,180.5
Toyota,Model B,Truck,5.3,4,M5,Z,7.54,12.65,10.03,37.03,309.39
Toyota,Model B,SUV,3,8,M5,Z,5.76,8.46,15.2,16.65,100.47
Toyota,Model A,Sedan,5.8,8,M6,Z,14.26,4.03,11.41,41.64,361.45
BMW,Model B,Truck,1.7,6,A6,Z,8.12,13.35,7.35,36.09,109.11
Toyota,Model A,Truck,1.5,6,M6,X,13.82,8.19,14.55,21.48,313.83
Honda,Model B,Compact,4.3,4,M5,X,6.69,9.46,8.28,20.5,113.88
Toyota,Model C,Truck,5.7,8,M5,X,9.98,4.09,11.38,27.95,179.87
Honda,Model C,Truck,5,4,A6,X,16.72,9.41,5.98,39.53,249.16
Honda,Model C,Sedan,1.4,6,A8,X,11.56,14.85,13.03,40.29,225.98
Honda,Model C,Truck,2.4,8,A8,Z,14.42,7.06,13.66,30.61,157.55
BMW,Model C,Sedan,5.7,8,M5,X,14.71,8.35,9.92,40.82,200.14
BMW,Model A,Sedan,2.3,6,A8,X,17.66,11.56,17.41,15.16,318.31
BMW,Model C,Sedan,4.9,4,M5,Z,9.87,12.96,16.36,16.06,300.78
Toyota,Model C,Sedan,5.1,4,A6,Z,15.31,8.59,14.2,42.35,121.54
Honda,Model C,SUV,3.5,8,A6,X,19.42,7.41,14.28,38.26,324.19
BMW,Model C,Compact,2.9,6,M5,Z,15.95,14.32,8.28,28.52,115.91
BMW,Model B,SUV,3.3,8,A6,Z,12.35,11.45,13.54,37.61,262.88
Toyota,Model A,Truck,2.1,6,M6,Z,14.46,5.31,7.58,43.67,178.02
BMW,Model C,SUV,5.4,4,M6,Z,16.1,4.76,6.87,38.16,276.31
Toyota,Model C,SUV,3.3,6,A6,X,14.18,9.32,17.99,40.27,178.4
Ford,Model C,Truck,5.4,4,M5,Z,5.25,6.42,13.09,37.82,395.49
BMW,Model A,Truck,1.5,6,M5,X,7.92,6.79,10.6,20.05,192.92
Ford,Model B,Truck,5.9,8,A6,X,17.16,13.65,8.75,40.01,172.59
Toyota,Model A,SUV,3.2,4,A8,Z,9.09,4.99,12.85,20.85,183.54
Honda,Model B,SUV,1.2,8,M6,Z,15.97,11.87,5.64,41.78,368.94
BMW,Model C,Truck,1.2,8,A8,Z,10.58,6.98,6.23,28.76,290.87
Toyota,Model C,Compact,4.7,4,M5,X,12.83,12.36,5.43,35.31,319.21
Honda,Model A,Compact,4.3,4,M5,Z,6.02,11.95,11.49,29.92,375.4
Honda,Model A,Sedan,5,8,A8,Z,7.72,4.08,12.81,17.82,373.56
Ford,Model B,Truck,1.5,8,A6,Z,19.36,9.6,5.81,23.72,321.68
Toyota,Model B,Sedan,1.2,8,A8,Z,18.35,5.53,14.38,44.51,159.35
Honda,Model A,Compact,3.5,8,A8,Z,14.78,13.53,8,43.82,353.01
BMW,Model B,Sedan,2.9,4,M6,X,11.89,13.59,13.91,24.61,161.13
BMW,Model A,Truck,3.3,4,M6,Z,15.14,8.6,17.76,44.89,322.87
Ford,Model B,Truck,6,8,A8,Z,14.28,8.89,13.98,40.37,305.68
Honda,Model A,Truck,5.9,6,A8,Z,13.53,7.34,16.48,33.33,327.67
Toyota,Model A,SUV,5.7,6,M5,X,5.89,11.88,17.33,16.2,259.81
BMW,Model A,Sedan,4.9,4,M6,Z,14.49,7.95,11.33,42.04,291.62
Honda,Model B,Compact,2.8,8,M6,X,16.53,6.95,14.13,31.72,386
Honda,Model B,Compact,3.1,8,M5,X,19.91,8.75,16.08,41.05,130.33
Ford,Model B,Compact,3.7,4,A6,Z,5.17,5.01,9.64,40.03,192.65
BMW,Model A,SUV,5.2,6,M6,Z,15.95,12.21,8.4,39.99,283.41
BMW,Model B,SUV,1.3,6,M6,Z,13.58,4.14,17.31,35.95,389.22
Toyota,Model B,Truck,3.1,6,A6,X,11.51,11.09,14.44,23.74,128.67
BMW,Model A,Compact,1.4,4,M6,X,6.91,6.01,7.86,25.08,106.76
Toyota,Model C,SUV,3.6,6,M6,X,11.14,6.56,10.84,24.25,116.72
BMW,Model A,Truck,5.5,4,A6,X,10.32,10.99,15.35,15.6,115.72
Ford,Model B,Compact,4.9,4,A6,X,9.54,14.92,12.11,32.48,372.34
BMW,Model A,Sedan,2.1,8,A8,X,15.96,12.55,13.45,35.97,316.38
Toyota,Model C,Truck,5.9,6,M5,Z,15.51,6.48,14.8,40.62,303.13
Toyota,Model A,SUV,4.3,4,M5,Z,13.84,5.94,13.09,19.2,256.77
Ford,Model B,SUV,1.1,6,A6,X,19.08,13.53,12.02,31.33,334.59
BMW,Model C,Truck,2.3,6,A6,Z,10.25,8.89,14.74,15.24,146.69
BMW,Model B,Truck,2.3,8,M6,Z,8.66,5.51,14.46,17.85,217.58
Ford,Model C,SUV,1.3,6,A8,X,14.84,13.48,13.19,16.63,247
BMW,Model C,Sedan,5.8,8,A8,X,7.98,12.98,9.68,36.76,133.12
BMW,Model A,Compact,3.4,4,A6,Z,9.73,14.82,10.28,17.43,225.85
Toyota,Model A,Sedan,5.5,6,M6,X,8.37,14.01,17.62,36.49,194.95
BMW,Model B,Truck,2.6,4,M6,X,6.04,13.37,6.46,22.49,110.67
BMW,Model A,Sedan,1.6,6,M5,Z,17.41,4.58,8.49,41.33,141.02
Ford,Model A,SUV,3.4,4,M5,X,8.82,5.15,11.4,39.39,329.21
Ford,Model C,Truck,1.6,6,M6,Z,12.1,10.26,15.88,43.73,105.41
Honda,Model A,Compact,3.4,6,M5,Z,5.65,9.85,7.13,41.51,380.28
Toyota,Model C,SUV,5.6,6,A6,Z,15.49,9.04,8.6,43,125.93
BMW,Model C,SUV,3.6,6,M6,Z,9.96,8.36,5.86,40.76,339.77
BMW,Model C,Compact,4.1,6,M5,Z,16.17,8.74,14.18,35.8,369.58
Honda,Model B,Compact,1.8,6,A8,X,11.19,10.26,8.1,20.11,382.34
BMW,Model B,Sedan,1.2,6,M6,X,7.94,4.02,10.05,23.15,360.24
Toyota,Model B,Truck,1.6,6,M6,X,12.7,6.87,10.77,21.38,186.27
Honda,Model C,Compact,4,6,A8,X,6.96,9.7,16.59,33.11,199.93
Toyota,Model B,Compact,1.5,4,A6,Z,11.61,11.94,10.35,30.11,227.96
Honda,Model B,Truck,2.9,8,A8,Z,9.76,5.92,6.89,41.01,141.79
Honda,Model A,Compact,3.8,6,M6,X,18.68,10.02,11.82,43.58,106.68
Ford,Model B,Compact,2.9,8,A6,Z,5.91,11.86,17.52,27.15,360.74
Toyota,Model B,Sedan,1.8,6,M5,X,15.41,8.89,12.9,30.19,266.24
BMW,Model C,SUV,2.4,6,M5,X,7.74,4.3,17.78,44.15,282.62
BMW,Model C,SUV,5.6,4,M5,X,9.79,8.94,15.93,23.29,378.1
Toyota,Model C,SUV,4.4,4,M6,Z,11.23,7.26,5.47,38.77,299.54
BMW,Model C,SUV,3.5,8,A8,Z,18.62,14.23,13.56,21.76,307.26
BMW,Model C,Compact,1.1,4,A6,Z,8.64,5.37,8.73,35.44,336.09
Toyota,Model C,Truck,6,4,M5,Z,6.37,11.18,12.28,22.61,134.9
Honda,Model B,Truck,4.4,8,A6,X,9.78,4.58,8.63,41.51,208.05
Toyota,Model C,Sedan,2.6,4,M6,Z,6.57,8.91,9.54,31.84,390.46
Honda,Model C,Sedan,5.4,6,M5,Z,6.93,10.09,17,20.58,376.88
BMW,Model A,Compact,2.3,8,M6,Z,13.61,7.28,7.69,21.73,365.22
BMW,Model B,Truck,3.7,8,A8,X,5.91,9.01,16.36,29.82,235.63
BMW,Model B,Truck,4.2,6,M6,X,5.46,5.8,5.4,43.85,357.16
Ford,Model B,SUV,2.1,4,M6,Z,15.72,7.35,6.18,38.09,114.52
Honda,Model C,Compact,5.9,8,A8,Z,10.42,10.83,16.11,29.65,144.56
Ford,Model C,Compact,4.7,8,A6,Z,6.88,7.32,13.2,25.13,224.19
Ford,Model C,SUV,3.8,6,A8,Z,8.8,13.9,14.71,31.48,245.02
Toyota,Model A,Compact,1.9,6,A8,X,14.63,10.91,7.72,37.45,179.05
Ford,Model C,Compact,1.3,4,M6,Z,9.13,8.83,11.98,38.52,206.94
Toyota,Model A,Sedan,2.6,8,A6,Z,12.42,4.43,14.58,24.74,148.83
Toyota,Model B,Truck,4.8,4,M5,Z,6.83,9.5,13.16,36.63,246.74
Ford,Model C,Compact,2.3,4,A8,X,13.82,12.41,11.13,34.73,338.15
Honda,Model A,Sedan,3.7,6,A6,X,9.74,6.92,17.48,43.77,298.41
Honda,Model A,Truck,4.6,8,A8,Z,14.4,12.87,13.79,42.93,132.34
Honda,Model C,SUV,1.5,8,A8,Z,17.13,6.77,16.8,38.68,246.27
Honda,Model B,Sedan,4.4,8,A8,Z,14.17,13.06,14.49,36.7,309.29
Honda,Model B,Sedan,1.5,6,A8,Z,9.44,4.94,14.56,23.22,258.97
Ford,Model B,Truck,5.8,6,M6,Z,8.84,13.53,6.04,40.38,217.5
Ford,Model A,SUV,3.4,6,A6,X,9.91,9.49,9.67,27.83,286.57
BMW,Model A,Sedan,1.8,6,A6,X,7.47,7.26,16.16,23.17,390.59
Honda,Model A,Compact,2.7,6,A6,X,7.72,6.92,8.02,26.52,128.47
Ford,Model A,Compact,3.1,8,A8,Z,16.86,8.75,6.5,40.08,217
BMW,Model B,Compact,4.8,4,M6,X,10.77,14.99,9.24,19.46,221.98
Honda,Model C,SUV,4.7,8,A8,X,11.54,6.42,7.87,28.68,273.09
Toyota,Model A,Sedan,4.1,4,A8,X,13.91,5.14,17.03,29.77,145.65
BMW,Model A,Compact,1.5,6,A6,Z,13.84,10.44,16.28,16.1,152.99
Ford,Model B,SUV,1.8,4,A8,Z,6.01,9.37,11.5,20.87,185.61
Toyota,Model C,Compact,1.5,8,M5,X,17.47,9.77,5.8,39.8,386.76
Toyota,Model C,Truck,3.9,8,A8,Z,7.66,11.34,14.29,39.92,320.23
Toyota,Model B,Sedan,5.4,4,M5,X,15.85,6.94,13.1,23.77,298.51
BMW,Model B,Sedan,3.2,6,A8,X,16.59,14.02,17.62,41.25,345.09
Ford,Model C,SUV,1.8,6,M6,X,15.72,8.79,12.27,38.15,138.27
Toyota,Model A,SUV,3.8,8,M6,X,13.68,5.42,9.37,27.54,357.8
Honda,Model C,Sedan,5.1,4,A6,Z,5.22,12.17,11.75,37.45,278.45
Toyota,Model B,Compact,4.7,6,A8,Z,10.41,11.07,17.73,43.84,200.6
Toyota,Model A,Compact,5.4,6,M5,Z,14.07,7.47,14.05,28.77,344.76
BMW,Model A,Truck,2.4,8,M5,Z,10.81,10.84,13.74,22.15,340.77
BMW,Model B,Compact,2,6,A8,X,17.95,6.42,8.13,43.25,353.71
Ford,Model B,SUV,5.4,4,M5,Z,9.63,8.89,14.67,33.11,134.66
Honda,Model B,SUV,4.3,8,M6,X,9.4,13.89,14.75,18.16,390.81
BMW,Model C,Compact,2.6,8,M5,Z,8.99,5.47,9.12,32.18,387.89
Toyota,Model C,SUV,4.7,4,A6,Z,9.99,8.25,11.29,30.02,207.24
Ford,Model A,Sedan,5.1,8,M6,Z,13.36,13.03,8.83,40.67,119.77
Toyota,Model B,Sedan,4.1,6,M6,X,15.61,14.66,8.36,30.92,150.12
Toyota,Model A,Compact,4.4,6,M6,X,14.94,8.99,5.34,22.66,397.85
BMW,Model A,Sedan,2.9,4,A8,X,17.12,9.58,8.71,35.27,268.9
Ford,Model A,Sedan,3.7,6,A8,X,18.29,10.29,12.2,31.28,206.99
Honda,Model A,Truck,3.6,4,M6,Z,17.24,14.26,5.02,21.99,186.46
Honda,Model B,Truck,5.2,4,A8,X,5.28,13.44,8.68,32.21,177.1
BMW,Model A,Sedan,5.2,6,M5,X,16.04,5.88,16.46,39.65,299.25
BMW,Model B,Compact,5.2,4,A8,Z,8.13,8.8,12.72,15.86,225.82
Ford,Model B,Truck,1.1,6,A8,Z,6.99,9.1,12.9,33.93,389.62
Honda,Model C,SUV,4.7,8,M6,X,14.58,12.68,10.24,25.49,305.15
Honda,Model B,SUV,4.8,8,A6,Z,9.8,10.63,13.79,23.78,337.61
Honda,Model C,SUV,4.4,4,A6,X,5.86,11.2,7.47,26.78,187.82
Toyota,Model B,Compact,4.8,6,A6,Z,7.06,14.98,15.64,25.26,123.76
Honda,Model B,Sedan,5.2,6,M5,X,5.01,4.82,6.52,39.97,246.35
Toyota,Model B,SUV,3.4,8,A8,X,18.55,6.45,13.53,23.24,194.37
Ford,Model C,Compact,3.5,8,A6,X,5.37,8.49,9.43,36.99,160.62
Toyota,Model C,Truck,1.6,6,M6,X,8.14,7.83,14.72,17.82,385.79
Ford,Model A,Sedan,2.9,4,A6,X,11.24,4.24,12.15,43.54,233.2
Honda,Model C,Truck,4.2,8,A6,Z,10.35,5.01,10.88,33.67,152.41
Honda,Model C,Compact,4.9,4,A8,X,18.68,11.49,7.2,36.2,159.6
Ford,Model C,SUV,2.1,4,A8,X,5.6,13.67,13.28,23.94,184.21
BMW,Model C,SUV,1.7,8,A8,X,12.68,9.66,17.67,27.36,399.79
Ford,Model A,Compact,4.3,4,M5,X,15.21,9.93,15.73,21.71,180.4
BMW,Model C,SUV,1,4,M5,X,18.98,6.81,5.78,42.98,198.64
Toyota,Model B,Sedan,1.9,6,A6,Z,14.31,12.45,9.89,29.64,297.8
Toyota,Model B,Compact,1.1,4,A8,Z,17.06,12.27,17.03,33.91,188.19
Toyota,Model C,Truck,1.8,6,A6,X,6.26,10.47,11.54,37.03,164.74
Honda,Model C,Compact,1.9,8,M6,Z,10.79,6.34,13.61,26.13,147.59
Toyota,Model B,Sedan,2.9,8,M6,X,10.61,5.07,16.86,36.6,193.8
BMW,Model B,Sedan,3,6,A8,Z,18.29,4.71,16.36,35.28,131.77
Toyota,Model A,Compact,5.4,8,A8,Z,7.27,10.52,11.52,36.17,105.59
Ford,Model B,Compact,3.6,4,M6,X,7.28,13.08,10.69,29.68,341.39
Ford,Model B,SUV,4.6,4,A8,Z,9.93,13.44,9.42,26.49,141.37
Honda,Model C,Sedan,1.5,4,M5,Z,5.82,9.1,14.35,21.66,332.79
Ford,Model B,Compact,2.1,8,M5,X,7.74,12.63,8.73,39.74,339.26
BMW,Model A,Compact,4.5,4,A8,X,19.48,14.42,8.25,33.25,261.38
Toyota,Model B,Sedan,1.3,8,M6,Z,11.42,7.03,9.63,28.33,192.9
Honda,Model C,Compact,3.4,4,A6,Z,14.48,8.38,7.3,43.32,143.51
Toyota,Model C,SUV,4,6,A8,Z,15.89,14.25,14.04,16.44,321.04
Toyota,Model B,Sedan,4,8,A8,X,10.5,7.72,13.01,40.51,280.42
BMW,Model C,SUV,1.1,8,A6,Z,7.21,14.05,11.28,44.93,296.64
Ford,Model A,SUV,2.6,4,A8,Z,8.1,14.79,10.07,41.61,102.6
Ford,Model A,SUV,4.2,8,A6,Z,9.7,11.28,16.82,39.31,378.26
Toyota,Model B,SUV,1.7,8,M6,X,14.54,12.99,5.38,26.23,119.89
Honda,Model B,Sedan,4.5,6,M5,X,10.97,12.25,15,21.94,210.04
Ford,Model B,SUV,4.7,6,M6,X,5.1,11.69,16.72,37.05,220.81
Honda,Model C,SUV,5.9,4,M5,X,12.85,7.38,10.8,24.14,100.41
Ford,Model A,Compact,2,6,A6,Z,18.82,4.63,12.16,20.28,249.13
Honda,Model A,Sedan,5.1,4,M5,X,17.18,7.77,17.28,38.6,325.84
BMW,Model C,Sedan,3.6,4,M6,Z,17.38,11.34,7.76,24.38,346.98
Honda,Model A,Truck,2.9,4,M5,Z,16.93,5.13,11.76,42.43,363.82
BMW,Model B,Sedan,1.6,8,A6,Z,9.86,4.13,11.17,40.22,246.32
BMW,Model B,Sedan,4.7,6,M5,Z,16.48,5.54,8.36,40.43,289.19
Honda,Model B,Truck,2.2,4,A8,X,7.15,11.87,15.64,38.15,123.86
BMW,Model A,Sedan,2.9,6,M6,X,14.87,14.7,16.69,41.43,246.41
Toyota,Model B,Sedan,1.3,4,A8,X,14.62,14.81,15.17,39.17,146.44
BMW,Model C,Sedan,5,6,A6,X,5.38,9.43,7.54,33.08,210.89
Ford,Model C,Sedan,4.8,6,M5,X,16.82,13.56,6.13,23.87,198.79
Honda,Model A,Truck,4.7,4,A8,Z,18.55,12.11,12.87,41.65,227.06
Toyota,Model C,Sedan,2.5,8,A8,X,9.01,9.51,5.74,40.22,271.49
Honda,Model C,Sedan,1.9,6,M5,X,17.19,10.3,13.75,29.19,370.86
Ford,Model A,Truck,4.2,8,M5,X,6.24,5.51,11.9,16.17,218.35
Ford,Model B,Compact,3.5,8,M6,X,14,14.31,13.62,34.16,394.34
Ford,Model B,SUV,1.9,4,A8,Z,12.28,7.87,12.67,16.52,327.71
BMW,Model B,Compact,4.4,4,A8,Z,13.19,8.91,10.5,42.79,253.44
BMW,Model A,Truck,6,4,A6,Z,18.89,11.39,7.61,43.85,293.21
Honda,Model C,SUV,4.7,6,M6,Z,18.07,7.67,8.97,20.68,130.67
Honda,Model B,Truck,4.7,4,A6,Z,16.78,6.8,11.82,35.29,353.36
Toyota,Model B,Truck,5.8,4,A8,X,9.11,10.94,13.47,17.77,274.71
Toyota,Model A,Sedan,2,6,A6,Z,18.68,4.27,15.13,36.89,395.82
Honda,Model B,SUV,3.8,6,A8,Z,6.46,11.93,14.97,25.42,290.93
BMW,Model A,Sedan,5.9,4,A8,Z,17.8,9.65,17.64,35.43,350.23
Ford,Model C,SUV,1.8,4,A6,X,9.92,10.66,8.72,26.19,339.93
Honda,Model A,Truck,4.5,4,A6,X,5.81,10.95,5.92,19.37,203.64
Toyota,Model A,Truck,3.9,4,M5,Z,15.04,9.8,9.49,27.18,177.88
BMW,Model A,Compact,3.9,8,M5,X,8.47,10.41,14.66,18.38,229.15
Honda,Model A,SUV,4.5,8,M5,X,8.65,11.52,10.7,32.31,240.17
Honda,Model C,Sedan,5.6,4,A8,Z,9.59,12.28,15.63,16.23,172.03
BMW,Model C,Compact,4.9,8,A6,X,5.96,12,12.14,30.82,368.38
Honda,Model B,Compact,1.3,6,M6,X,7.66,13.57,17.09,41.59,262.76
BMW,Model C,Compact,5.3,8,A8,X,5.08,6.08,17.32,40.14,393.53
Ford,Model C,Sedan,2.1,8,M6,Z,11.68,8.41,5.9,41.48,343.01
BMW,Model B,Compact,2.9,4,A6,Z,6.26,14.43,10.93,42.66,266.71
BMW,Model C,Sedan,3.3,8,A8,Z,15.24,8.36,12.93,18.14,384.11
BMW,Model A,Compact,3.4,8,M6,X,8.53,5.37,8.33,18.86,251.46
Honda,Model A,Sedan,3.2,8,M6,Z,19.15,9.78,10.29,31.71,366.13
Honda,Model B,Truck,5.7,8,M5,X,18.07,5.2,13.81,41.82,207.44
BMW,Model B,Truck,4.5,6,M5,X,9.34,6.23,7.95,44.23,213.59
Honda,Model B,Truck,4.2,4,M5,X,16.75,14.98,12.83,16.39,225.44
Toyota,Model A,Truck,1.2,4,A8,Z,17.05,9.95,14.07,25.67,263.99
Toyota,Model C,Truck,5.5,6,A6,Z,19.8,7.12,6.18,21.39,266.05
Honda,Model A,Compact,5.5,8,A6,Z,13.97,14.94,11.47,37.68,248.92
Honda,Model B,Compact,4.9,6,M5,Z,6.23,14.63,8.42,34.21,191.8
BMW,Model C,Compact,1,8,M5,X,14.7,8.85,14.42,18.6,378.16
Ford,Model C,Sedan,1.3,6,M5,Z,14.37,6.86,7.46,29.51,276.58
Honda,Model A,Sedan,2.1,4,M6,X,14.58,13.22,16.6,35.56,222.32
Toyota,Model B,Sedan,1.7,4,M5,Z,9.61,11.87,10.6,38.37,295.35
BMW,Model A,Sedan,3,4,M6,Z,17.9,11.56,7.57,15.6,330.39
Honda,Model C,Truck,5.6,8,A6,Z,19.39,13.82,10.69,41.71,388.22
Toyota,Model A,Truck,3.4,8,A8,X,8.27,11.58,10.31,32.08,249.86
Toyota,Model A,Truck,1.1,6,A8,X,6.32,7.12,10.58,39.36,133.63
Ford,Model B,SUV,2.4,6,A8,X,7.92,11.63,12.61,39.24,232.23
BMW,Model B,Compact,1.2,4,A8,X,17.31,7.36,11.78,20.7,243.69
BMW,Model C,Sedan,1.2,8,M6,X,15.15,12.35,6.95,18.31,369.1
Ford,Model A,Sedan,2.4,6,M6,Z,14.54,10.82,5.85,36.64,218.44
Ford,Model A,Truck,2.4,8,M5,X,11.03,4.85,14.48,19.69,386
BMW,Model A,Sedan,4.9,8,M6,X,13.67,9.64,12.28,40.5,245.54
BMW,Model C,Sedan,5.9,4,M5,X,9.62,7.78,9.67,36.79,392.13
Honda,Model C,Compact,2.9,4,M5,X,12.16,7.61,15.51,40.25,102.46
Honda,Model B,Truck,3.1,8,A8,Z,16.9,10.62,10.04,23.97,369.64
Ford,Model B,Compact,5.2,8,M6,X,19.72,7.55,15.35,24.5,379.34
Honda,Model B,SUV,2.3,8,M6,Z,18.99,12.55,8.97,35.14,388.31
Toyota,Model A,SUV,1.8,8,M5,Z,19.01,4.78,5.95,15.94,103.92
Honda,Model A,SUV,5.3,4,M5,Z,11.03,11.26,17.12,36.79,151.51
Honda,Model B,Truck,1.2,6,A6,X,12.03,12.9,10.13,40.07,296.13
Toyota,Model A,Sedan,4.1,4,A6,Z,15.58,11.4,15.31,27.45,107.64
Ford,Model B,Truck,3.8,6,M5,X,18.83,9.47,8.63,37.95,119.08
Toyota,Model C,Truck,2.7,8,A6,X,7.13,14.45,13.4,20.24,166.32
Honda,Model B,Sedan,2.6,6,A6,X,9.56,7.3,16.35,24.67,253.73
Ford,Model C,Compact,4.9,4,M5,X,7.09,4.21,5.54,44.23,263.77
Honda,Model A,SUV,1.4,4,M5,X,14.18,8.75,15.8,44.59,110.28
Toyota,Model B,Compact,2.2,8,M6,Z,9.59,4.36,12.43,30.38,151.11
Toyota,Model A,SUV,4.7,4,M5,Z,9.89,14.49,12.9,43.03,249.91
Honda,Model C,Truck,3.7,8,M5,X,6.06,6.31,11.8,30.68,278.18
BMW,Model C,SUV,1.6,4,A8,Z,10.25,12.68,16.37,23.75,144.52
BMW,Model C,Truck,5.4,4,M6,X,17.94,12.52,5.56,23.01,219.65
Toyota,Model A,Compact,3,8,M6,Z,8.5,6.4,8.39,42.89,371.32
Toyota,Model A,Truck,5.1,6,M6,Z,15.43,10.83,16.38,20.17,399.67
BMW,Model A,Compact,4.9,4,A8,Z,14.44,4.53,14.78,32.39,396.16
BMW,Model A,Sedan,4.1,6,M5,Z,17.95,9.32,5.23,31.67,364.5
Honda,Model C,Sedan,3.5,4,M6,Z,6.98,4.16,11.72,37.19,218.4
Honda,Model C,Sedan,5.9,4,M6,X,19.66,14.13,11.88,29.98,305.97
BMW,Model B,Truck,1.7,4,A6,X,13.74,14.74,10.21,23.17,224.98
Honda,Model B,Sedan,4.6,4,M6,Z,19.93,6.45,8.87,20.08,294.56
Honda,Model A,SUV,2,6,M5,X,18.67,6.29,13.86,33.62,192.83
Ford,Model C,Compact,2.7,6,M5,Z,8.32,12.29,7.7,36.57,281.86
Honda,Model C,Compact,2.5,4,A6,X,5.84,6.79,15.39,32.09,257.13
Toyota,Model C,SUV,5.7,4,M6,Z,8.83,13.85,15.44,37.15,107.34
Honda,Model B,Truck,5.8,6,M6,Z,12.91,10.31,10.4,19.25,337.21
Honda,Model B,Truck,1.9,8,M6,Z,7.57,7.86,8.69,41.47,103.57
BMW,Model C,Compact,1.1,8,A8,X,7.51,13.16,8.69,32.47,187.95
Toyota,Model C,Sedan,4.6,6,M6,X,11.94,9.43,11.27,18.81,101.78
Honda,Model C,Truck,3.1,4,M5,Z,5.5,14.03,14.35,28.86,212.86
Honda,Model B,Truck,1.4,4,M5,Z,6.83,14.21,9.67,40.34,118.95
Ford,Model C,SUV,4.4,8,A8,X,11.24,5.82,12.93,41.93,374.05
Honda,Model C,SUV,3.7,8,A8,X,5.95,4.03,9.97,22.94,224.7
Honda,Model A,Sedan,5.9,6,M6,X,10.95,14.82,8.96,36.34,237.85
Ford,Model A,Truck,2.1,8,A6,X,12.11,13.97,5.32,18,204.96
BMW,Model B,Truck,3,6,A8,X,11.77,4.61,5.05,16.01,288.25
Honda,Model C,SUV,3.7,8,A8,Z,18.04,13.16,7.95,31.81,335.32
Ford,Model C,Truck,5,8,M6,X,12.95,9.04,10.28,35.84,294.44
Toyota,Model A,Compact,3.7,8,M6,Z,12.02,6.85,16.07,38.87,324.46
BMW,Model B,SUV,4.1,4,A8,Z,11.16,13.67,15.38,25.21,371.79
Toyota,Model A,Sedan,2.1,4,A6,X,17.26,6.16,8.47,15.2,359.06
Toyota,Model A,SUV,5.2,4,A8,X,18.43,14.42,8.18,29.39,302.22
Ford,Model A,Truck,3.1,8,M6,Z,17.8,6.26,7.96,15.48,164.39
Honda,Model A,Sedan,1.7,6,M6,X,15.1,10.75,9.41,17.76,291.31
Ford,Model C,SUV,4.3,6,A8,Z,7.06,6.45,11.48,24.8,251.82
Ford,Model C,Compact,2.1,6,A6,X,9.15,10,10.7,28.12,315.17
Ford,Model A,Compact,1.5,6,A8,X,5.69,11.52,7.84,23.38,349.88
Ford,Model B,SUV,5.3,4,A8,X,18.96,6.09,6.7,32.46,322.82
BMW,Model B,Compact,3.3,4,M6,Z,14.91,9.73,5.16,16.66,353.97
Honda,Model B,Compact,4.7,8,A6,X,16.2,9.16,7,19.34,119.16
Toyota,Model B,Compact,2.5,8,M5,Z,9.67,4.78,14.17,35.86,109.49
Toyota,Model A,Sedan,4.9,6,A6,X,17.68,13,8.17,19.26,177.55
Honda,Model C,Compact,1.6,4,A8,Z,8.89,7.69,11.09,34.19,370.2
Toyota,Model B,Compact,2.8,6,A8,X,5.02,10.32,12.69,16.64,347.1
Honda,Model A,Compact,5.9,8,A8,Z,10.65,9.66,16.53,27.22,304.82
Toyota,Model B,Sedan,5,8,A6,Z,13.56,9.65,16.56,20.32,310.23
Ford,Model B,SUV,3.5,6,M6,Z,12.18,5.18,14.69,18.29,318
Toyota,Model A,Truck,2.7,8,A8,Z,17.93,8.66,5.46,32.01,382.78
Honda,Model C,Compact,5.4,6,A8,Z,6.58,8.98,12.48,42.85,349.66
Honda,Model C,SUV,3.7,4,A6,Z,13.31,12.07,15.23,16.64,287.02
Honda,Model A,Compact,4.8,6,M5,X,12.69,13.24,5.22,27.65,299.71
Honda,Model C,Sedan,4.8,4,M5,Z,9.22,9.99,12.15,36.23,164.12
Honda,Model A,SUV,1.1,4,M6,Z,17.33,4.95,16.15,28.88,297.2
BMW,Model A,Sedan,1.6,8,M6,Z,16.29,6.61,11.16,39.19,227.4
BMW,Model A,Compact,4.3,8,A8,X,15.99,5.81,5.05,20.39,145.89
Toyota,Model C,Compact,1.8,8,A6,X,18.14,5.37,5.14,43.79,341.92
Honda,Model A,Sedan,2.3,6,A8,X,15.84,8.02,10.42,26.55,253.07
Toyota,Model B,Truck,5.7,6,M6,Z,8.48,6.52,7.02,25.25,393.23
Honda,Model C,Sedan,3.8,8,A6,X,15.58,6.4,13.64,41.24,184.5
Honda,Model C,Compact,4.8,6,A6,X,9.62,4.6,14.21,31.92,244.2
BMW,Model C,Sedan,3.8,8,M6,Z,8.63,4.19,7.31,30.49,234.4
BMW,Model C,Truck,3.8,6,M5,Z,6.1,5.13,16.55,36.81,136.23
Ford,Model B,Sedan,1.5,4,M5,X,16.16,5.89,10.74,32.4,227.83
BMW,Model C,Truck,2.7,4,A6,Z,15.67,8.74,6.86,19.88,186.27
Ford,Model C,Truck,2.4,8,A8,Z,8.52,9.62,14.94,35.23,148.1
Ford,Model A,Sedan,3,6,M5,Z,16.24,5.55,15.27,19,184.65
Ford,Model C,Sedan,5,6,A8,Z,18.77,8.67,13.31,39.18,169.98
Ford,Model B,SUV,2.9,4,M5,X,6.62,7.76,16.1,44.69,320.22
Ford,Model B,Compact,3.3,4,M5,Z,8.49,6.02,14.59,26.32,109.23
Toyota,Model B,Truck,3,8,A8,X,16.25,4.08,16.47,28.34,285.24
BMW,Model B,SUV,1.5,4,M6,X,9.12,9.14,10.64,16.39,328.2
Ford,Model C,Sedan,3.2,8,M5,X,14.37,11.54,14.72,15.41,244.22
Honda,Model C,Compact,2,4,M5,X,6.22,6.49,18,42.64,379.47
BMW,Model B,SUV,1.9,4,A8,Z,11.78,5.45,14.42,18.86,312.36
BMW,Model B,Truck,1.5,6,M6,Z,16.09,13.76,6.48,28.37,324.38
Ford,Model C,SUV,2.8,4,M5,Z,15.3,7.03,11.74,39.46,159.08
Toyota,Model B,Truck,4.8,4,M5,X,17.23,6.46,12.64,41.68,333.19
Ford,Model A,Sedan,2.4,8,M6,X,18.16,13.43,7.26,30.58,349.63
Toyota,Model B,Compact,2.6,4,M5,X,16.6,12.99,17.52,31.95,208.38
Honda,Model B,Compact,4.2,8,M6,Z,15.07,8.93,7.28,35.09,164.01
BMW,Model A,Compact,2,4,M6,X,5.48,9.38,7.31,43.84,215.52
Honda,Model A,Sedan,5.5,4,A8,Z,13.02,6.4,16.9,33.08,321.88
Toyota,Model C,Truck,3.6,8,A6,Z,5.57,4.86,11.05,31.78,225.29
Toyota,Model C,Sedan,3.2,6,M6,Z,17.12,10.31,5.82,15.44,321
Honda,Model A,Compact,3.8,8,A8,Z,9.81,5.08,12.78,17.43,134.07
Toyota,Model A,Sedan,1.8,8,A6,X,13.44,8.94,12.82,32.32,341.8
Honda,Model C,Sedan,4.1,8,M5,Z,9.19,14.35,5.84,43.09,175.96
BMW,Model B,Sedan,2.8,6,A6,X,16.74,14.48,17.64,41,174.68
Honda,Model A,Truck,5.5,4,M6,Z,18.3,6.63,12.07,44.48,277.11
BMW,Model C,SUV,1.8,8,M6,X,10.98,10.87,12.28,30.84,121.04
Honda,Model B,SUV,3.5,8,M6,X,17.94,9.21,11.76,38.64,107.89
Toyota,Model A,Sedan,4,6,M6,Z,9.01,13.63,12.94,40.21,178.31
Honda,Model B,SUV,1.2,8,M6,Z,13.02,6.99,8.44,34.44,261.42
Toyota,Model C,SUV,2.8,4,A8,Z,17.88,4.04,8.73,25.16,372.28
Honda,Model A,Sedan,4.7,6,M6,X,9.89,5.79,11.65,29.1,353.93
Honda,Model B,Sedan,5.1,4,A8,Z,19.31,7.84,15.49,40.74,247.13
Ford,Model A,Compact,2.6,4,M5,Z,6.83,7.47,5.65,23.96,111.12
Toyota,Model B,SUV,5,6,M6,X,5.27,12.7,12.84,42.71,260.58
Ford,Model C,Truck,5.8,8,M6,Z,18.56,11.49,15.49,21.89,311.44
Toyota,Model C,Sedan,5.3,4,A6,X,6.03,7.3,7.04,37.49,201.75
Ford,Model A,Compact,1.6,4,M5,Z,19.88,9.04,5.2,33.92,133.32
BMW,Model B,Truck,4.7,4,M6,X,19.27,5.05,9.07,37.49,183.57
Honda,Model A,SUV,2.6,4,M6,X,7.06,13.88,12.65,28.12,331.48
Toyota,Model A,Compact,5.9,6,M5,Z,13.06,14.29,6.8,42.98,205.37
Toyota,Model B,Sedan,3.4,6,A8,X,7.77,14.78,10.54,33.97,343.59
Honda,Model B,Truck,1.6,4,M6,Z,11.42,13.55,12.18,23.65,195.86
Toyota,Model B,Sedan,4.6,8,A6,Z,5.92,5.91,12.79,34.15,149.07
Toyota,Model C,SUV,2.6,4,M6,X,8.36,4.51,8.57,23.6,230.75
Ford,Model A,Truck,6,8,A6,Z,10.45,10.38,10.2,23.81,235.68
Toyota,Model A,SUV,5.9,4,A6,X,11.58,14.04,15.12,26.99,104.83
BMW,Model C,SUV,4.3,8,M6,X,19.66,5.95,17.24,40.57,135.11
BMW,Model B,Compact,1.6,4,M6,X,17.12,4.08,16.2,30.01,155.48
Honda,Model C,Sedan,4.4,8,A6,X,16.06,12.86,12.34,35.37,134.08
Toyota,Model C,Truck,1.5,4,M5,X,13.06,4.84,10.33,26.76,202.46
Honda,Model C,SUV,1.1,4,M5,X,17.6,8.55,9.33,22.91,389.39
BMW,Model A,SUV,5.1,8,M6,X,10.09,11.47,6.62,43.64,252.77
Toyota,Model C,Truck,2,6,A8,X,15.63,6.6,6.39,33.11,288.27
Toyota,Model A,SUV,2.9,8,M5,Z,19.91,4.92,13.95,43.02,206.92
Honda,Model A,Compact,5.9,6,M6,Z,9.72,12.47,8.38,21.1,197.05
BMW,Model A,Compact,2.7,4,M5,X,15.11,10.93,8.31,19.41,106.94
Toyota,Model B,Compact,2.5,8,A8,Z,17.66,14.87,17.98,40.67,250.1
Honda,Model A,Compact,5.6,8,M6,Z,18.74,7.79,7.44,35.43,245.08
BMW,Model A,SUV,1.6,8,A8,Z,15.77,4.68,6.92,20.6,147.35
Honda,Model B,Truck,4.8,6,M6,Z,9.25,12.08,6.28,23.08,329.3
Ford,Model A,Truck,5.9,6,A8,Z,9.89,9.74,12.54,39.02,247.8
Toyota,Model C,Truck,5.5,4,M5,Z,5.31,6.35,13.16,28.62,201.7
Ford,Model C,Truck,4.3,6,M5,X,16.41,12.6,9.75,35.12,144.07
BMW,Model A,Sedan,2.6,6,A8,Z,5.64,6.24,11.96,24.55,265.65
Ford,Model B,Truck,2.3,4,A8,Z,17.97,6.87,15.25,26.44,325.85
Ford,Model C,Sedan,5.1,8,A8,Z,6.78,5.02,15.64,44.72,184.6
BMW,Model B,Sedan,5.4,8,M6,Z,7.58,8.39,17.45,22.43,165.64
Honda,Model B,Compact,3.6,4,M5,X,12.15,8.61,15.72,30.19,256.58
Ford,Model C,Sedan,2.2,8,M6,X,16.07,9.66,12.34,40.33,146.6
Honda,Model B,SUV,1.6,6,M5,X,7.09,11.8,7.34,22.18,299.98
Ford,Model C,Sedan,1.4,4,A6,X,11.6,13.97,6.3,27.46,281.6
Honda,Model B,Compact,4.6,4,M6,Z,12.24,5.52,5.71,33.45,126.12
BMW,Model C,Sedan,3.1,4,M5,X,8.18,4.6,13.66,29.44,110.96
Ford,Model A,SUV,5.5,8,M5,X,6.73,4.2,15.5,28.79,286.09
BMW,Model C,SUV,4.7,4,M6,X,17.55,5.58,11.61,25.88,188.29
Ford,Model C,SUV,2,4,M6,X,12.54,11.24,5.71,32.6,125.93
BMW,Model C,Compact,4.1,4,M5,Z,5.22,12,11.96,33.73,327.83
BMW,Model C,Compact,3.2,8,M6,X,17.04,12.65,17.16,34.6,194.21
Ford,Model B,Truck,3.9,6,A8,Z,19.71,6.68,12.77,17.11,237.88
Ford,Model A,Compact,4.7,4,M6,X,14.09,7.36,15.52,33.93,171.04
Ford,Model C,SUV,5,6,M6,Z,12.56,9.31,15.4,43.6,288.2
Toyota,Model B,SUV,5.2,8,M6,Z,18.18,4.7,17.12,31.23,190.45
Honda,Model A,Compact,2.3,8,M5,X,19.29,10.72,15.01,36.46,390.41
Toyota,Model A,Sedan,1.2,8,A8,X,16.32,14.82,14.72,31.7,310.88
Toyota,Model A,Compact,4.7,8,A6,X,11.68,7.97,8.04,40.64,141.02
BMW,Model A,Compact,1.5,6,A6,X,13.88,12.28,5.78,42.89,225.01
Ford,Model C,SUV,2.6,4,A8,Z,15.51,9.5,11.73,20.53,215.63
Honda,Model C,Truck,1,8,A8,Z,7.91,5.41,6.62,28.11,260.27
BMW,Model B,SUV,4.4,8,A8,X,11.71,10.4,17.51,26.77,352.58
Toyota,Model B,Truck,1.8,6,M5,X,17.45,7.3,8.77,27.16,275.03
Ford,Model B,SUV,4.3,6,A6,Z,14.82,4.38,16.09,18.77,118.47
BMW,Model A,Compact,6,8,A8,X,11.17,10.98,10.04,39.41,296.62
Ford,Model A,SUV,1.4,4,M5,Z,14.95,13.45,9.2,16.07,102.48
BMW,Model C,SUV,1.4,4,A6,X,6.77,7.79,17.16,30.85,333.99
Ford,Model A,SUV,2.7,8,M6,Z,11.02,8.29,9.72,34.86,299.99
Toyota,Model A,Compact,5.3,6,M5,Z,16.9,13.8,10.07,21.22,192.64
Honda,Model A,Compact,2.1,8,A6,Z,8.31,12.95,6.38,42.18,187.73
Toyota,Model B,Compact,2.8,8,M5,Z,7.79,11.86,13.72,40.16,339.48
Honda,Model B,Compact,1.3,6,A6,Z,19.26,6.74,8.75,29.13,335
Ford,Model C,Truck,4.8,8,A6,X,8.15,14.01,12.61,27.33,205.69
BMW,Model A,Truck,3,8,M6,Z,8.91,5.7,12.69,22.1,189.68
Toyota,Model A,Sedan,4.8,8,M5,X,19.54,10.89,14.35,36.9,267.95
Honda,Model C,Compact,5.5,6,A8,Z,16.02,4.32,14.69,18.95,102.51
Toyota,Model A,Truck,2.2,4,M6,Z,15.49,11.08,11.69,35.41,124.8
Honda,Model A,SUV,5,4,M6,X,17.79,7.05,9.3,40.27,137.85
Toyota,Model B,Compact,1.3,6,A6,X,6.74,8.95,15.89,21.85,155.62
Honda,Model C,Sedan,5.5,4,A8,X,15.59,7.8,9.03,40.99,253.61
Honda,Model C,Sedan,4.3,8,M5,X,12.56,5.9,11.6,16,397.67
Ford,Model C,Sedan,5.4,4,A8,Z,17.44,10.84,10.22,42.38,295.78
Honda,Model C,SUV,1,8,A8,X,12.62,13.7,16.12,18.55,118.39
Ford,Model B,Truck,1.8,4,A8,Z,14.3,14.55,10.61,34.37,257.67
Honda,Model B,SUV,2.9,6,A8,X,12.17,6.12,10.02,22.5,248.99
BMW,Model A,Compact,2.9,4,A8,X,12.17,11.89,13.97,40.1,143.25
BMW,Model A,Sedan,2.1,4,A6,Z,16.52,11.31,12.83,30.37,376.08
BMW,Model A,SUV,2.9,4,A6,Z,14.43,7.78,6.39,19.06,232.23
Honda,Model A,SUV,1.6,6,M6,X,14.5,4.21,11.61,32.13,398.37
Ford,Model B,Truck,3.1,4,A6,Z,11.75,11.59,14.56,27.24,226.02
Ford,Model C,Truck,5,6,M6,Z,12.97,14.4,17.9,34.84,282.39
Honda,Model B,Sedan,3.4,8,M6,Z,16.19,10.95,13.18,41.46,131.43
BMW,Model A,SUV,1.1,4,M5,Z,17.39,8.79,9.81,27.28,236.27
BMW,Model B,SUV,3.1,6,A8,Z,15.45,9.78,7.94,23.7,171.63
Ford,Model C,Truck,1.1,6,A6,Z,18.86,6.2,16.35,15.44,350.67
BMW,Model C,SUV,5.8,4,M5,Z,17.3,12.26,15.59,32.25,335.18
Toyota,Model B,SUV,1.6,8,A6,Z,13.43,12.21,8.04,27.07,347.25
Ford,Model B,SUV,4.5,6,M6,X,15.07,5.6,7.61,26.24,317.08
BMW,Model B,Truck,5.9,4,A6,Z,18.89,13.66,14.3,20.49,349.8
Ford,Model A,Sedan,5.1,8,A8,X,14.29,6.96,9.09,27.9,160.25
Toyota,Model B,Compact,4.5,6,M6,Z,17.37,14.8,8.98,44.53,235.61
Ford,Model B,Sedan,5.2,6,M6,Z,15.33,8.21,6.98,23.93,307.55
Ford,Model B,Compact,5.9,8,M5,Z,13.28,5.96,8.43,32.99,291.22
Ford,Model C,SUV,4.1,8,A8,Z,8.63,7.87,10.56,38.29,314.91
Ford,Model C,Sedan,3.8,4,M6,X,11.39,8.84,14.53,37.47,167.28
Toyota,Model A,Compact,4.1,4,A8,X,19.52,4.76,9.37,24.86,129.53
Honda,Model A,Truck,3.7,6,A6,Z,14.87,10.36,9.27,33.33,375.04
Ford,Model C,Truck,4.2,8,A8,X,13.47,10.57,8.7,41.14,268.05
Ford,Model C,Sedan,3.2,8,M6,Z,18.99,12.13,11.22,15.46,146.15
BMW,Model C,Sedan,2.1,8,M5,Z,13.8,4.32,7.35,28.07,338.03
Ford,Model B,SUV,1.6,6,M6,X,12.89,9.95,11.31,21.73,374.48
BMW,Model B,Sedan,1.3,8,A8,X,16.39,4.58,14.15,26.66,150.87
Honda,Model C,SUV,2.3,8,A8,Z,15.69,11.71,5.39,27.48,345.22
Toyota,Model B,SUV,1.2,6,M6,Z,7.9,4.61,5.13,37.4,379.97
Toyota,Model B,Truck,3.8,4,A8,X,12.07,14.03,5.98,17.81,381.51
Honda,Model A,Truck,2.4,4,A6,Z,12.09,11.72,11.96,30.38,374.25
Toyota,Model C,Compact,5.1,6,M6,X,10.67,9.58,16.11,31.93,263.93
Honda,Model C,Truck,1.4,8,M5,Z,12.76,8.86,5.06,29.82,206.86
Honda,Model B,Truck,2.1,6,M6,Z,11.2,5.44,17.18,36.96,102.18
Honda,Model C,Sedan,4.7,4,A6,X,7.99,7.2,6.38,26.51,118.27
Toyota,Model A,Truck,4,4,A6,X,11.19,13.56,15.95,43.35,228.65
BMW,Model A,Compact,1.3,6,A6,X,6.08,13.95,11.28,29.45,219.8
Honda,Model A,Sedan,5.4,6,A6,Z,13.64,4.01,13.57,32.14,155.41
Ford,Model C,Compact,5.4,4,A6,Z,17.8,10.54,11.64,39.77,218.64
Toyota,Model C,Truck,2.7,6,M5,Z,15.88,11.91,11.2,23.26,152.4
Honda,Model C,Compact,2.7,4,A8,Z,10.41,10.81,15.85,17.26,354.64
Honda,Model C,Sedan,5.9,6,A6,X,6.31,4.9,14.83,36.23,189.46
Ford,Model C,SUV,4.1,6,A6,Z,8.03,6.39,11.28,29.49,279.57
BMW,Model A,Compact,3.7,6,M6,Z,13.18,6.75,6.45,41.9,250.85
BMW,Model B,Compact,5.2,4,M5,Z,8.11,13.15,6.5,44.48,115.56
BMW,Model A,Sedan,2.4,6,M5,X,13.16,9.1,15.42,26.97,382.67
Honda,Model C,Sedan,3.1,4,A8,Z,8.47,9.36,11.88,27.46,258.17
Honda,Model A,Compact,2.3,4,M5,Z,17.73,14.28,11.26,27.24,197.52
Honda,Model C,Truck,4.9,6,M6,X,10.96,11.01,13.85,24.74,147.44
Toyota,Model C,Compact,3.9,6,M6,Z,8.68,13.89,16.16,38.45,201.56
Ford,Model A,Sedan,4.3,4,A8,Z,17.18,9.02,13.18,37.77,106.15
Honda,Model C,SUV,2.3,4,M6,X,10.14,5.64,14.92,29.36,209.07
Ford,Model B,SUV,2.1,8,A6,Z,6.67,14.23,14.95,16.34,259.45
Ford,Model C,Truck,3.4,4,A6,Z,13.56,9.05,9.63,24.29,361.56
BMW,Model B,Compact,4.7,8,M6,Z,13.72,6,8.56,23.77,306.21
Toyota,Model B,SUV,3.6,8,A8,X,15.72,7.33,15.42,39.33,133.47
Honda,Model C,Compact,1.2,8,M5,Z,8.6,4.56,9.9,17.63,144.32
BMW,Model A,Sedan,5.3,6,A8,Z,11.66,9.15,16.74,39.17,228.44
BMW,Model B,SUV,1.3,6,M5,X,9.24,13.38,5.91,35.08,158.71
Honda,Model A,Truck,5.8,4,M6,X,6.21,14.27,5.76,36.97,108.35
Ford,Model B,Sedan,1.1,8,M6,Z,18.15,14.26,17.05,27.97,341.5
BMW,Model C,Truck,4.5,6,A6,Z,15.93,5.38,13.43,35.39,105.86
Ford,Model C,Sedan,1.4,6,M5,Z,9.52,8.2,9.93,33.27,349.21
Toyota,Model B,SUV,5.6,6,A8,Z,13.99,4.31,14.82,38.07,143.23
Ford,Model C,Truck,3.3,6,M6,X,8.02,13.41,13.74,28.4,392.4
Toyota,Model B,Truck,1.7,6,A8,Z,18.35,7.95,11.91,29.18,281.16
Ford,Model C,Sedan,2.7,8,A6,X,6.72,10.94,6.29,34.31,320.49
BMW,Model A,Truck,1.8,8,M5,X,5.06,11.86,15.56,18.24,133.15
BMW,Model C,Sedan,1.9,8,M5,Z,12.53,8.73,16.26,28.09,358.63
Toyota,Model A,Sedan,5.7,8,M6,Z,13.75,7.37,7.24,44.16,351.76
Honda,Model C,Sedan,3.2,4,M5,X,13.68,14.58,16.06,16.13,295.9
Toyota,Model A,Sedan,4.9,8,M6,X,5.82,14.61,16.41,24.48,250.68
Toyota,Model C,SUV,4.2,6,A6,Z,9.71,7.18,12.14,24.42,316.45
Ford,Model A,Sedan,4.4,8,M5,X,12.49,9.28,13.53,34,101.78
Ford,Model B,Compact,1.7,4,M6,Z,8.25,14.7,9.97,18.17,277.73
Toyota,Model B,Truck,2.2,6,A8,Z,18.09,4.05,8.66,33.86,354.22
BMW,Model A,Compact,4.9,8,M6,X,6.31,8.54,14.39,17.85,207.07
Ford,Model C,SUV,5.9,8,M5,X,12.31,5.11,16.2,17.85,132.49
Honda,Model A,Compact,2.3,8,A6,Z,15.37,9.6,13.5,36.85,226.26
Ford,Model C,Truck,2.4,6,M5,X,8.93,4.27,11.65,24.72,318.13
Ford,Model B,Compact,3.4,6,M5,Z,14.36,8.48,7.07,44.32,132.19
Honda,Model C,SUV,5.9,4,M6,Z,17.44,6.43,5.69,16.12,161.81
Toyota,Model B,Sedan,2.3,6,A8,Z,7.86,9.87,10.79,28.35,144.27
Honda,Model C,Compact,3,6,M5,X,18.76,14.96,5.64,18.39,339.08
Toyota,Model C,SUV,5.5,8,A8,Z,13.3,12.81,12.4,25.54,118.87
Toyota,Model C,SUV,1,6,M6,Z,9.49,13.3,9.98,44.95,305.98
Toyota,Model A,Truck,1.2,8,A8,Z,11.46,10.99,14.84,41.67,209.94
Honda,Model A,Truck,4,8,M6,Z,9.68,4.46,8.97,16.45,326.74
Toyota,Model B,Compact,5.5,6,A6,Z,15.88,6.27,12.71,31.9,389.32
BMW,Model B,Sedan,2.2,4,A8,Z,16.94,14.18,11.99,34.43,134.36
Honda,Model A,SUV,3.3,4,A8,Z,17.49,8.03,5.06,21.29,194.32
BMW,Model B,Compact,3.3,6,A6,Z,19.79,5.14,5.94,19.35,343.04
Toyota,Model A,SUV,3.4,4,A8,Z,16.87,11.73,8.77,42.13,179.85
Ford,Model C,SUV,4.1,8,A6,Z,14.02,7.29,16.47,44.06,164.54
Toyota,Model B,Sedan,3.3,8,M5,Z,10.09,6.96,6.91,44.76,347.61
BMW,Model B,Sedan,3.2,6,M6,X,13.17,14.98,14.24,38.69,396.12
BMW,Model A,Compact,3.4,4,A6,Z,5.62,13.44,17.65,34.91,267.06
Honda,Model B,Sedan,4,4,A8,Z,16.17,8.49,15.28,25.37,183.41
Ford,Model B,Sedan,3.7,8,A6,Z,11.69,14.78,8.16,20.14,219.57
Honda,Model C,Compact,5.3,6,A8,X,5.3,11.15,16.81,17.37,151.04
BMW,Model B,Sedan,1.2,4,M5,Z,5.94,12.16,6.21,35.8,328.57
Toyota,Model C,Truck,5.2,6,A6,X,10.81,4.35,11.09,38.54,332.04
Ford,Model A,SUV,5.2,4,M5,Z,13.75,5.34,16.54,39.79,362.54
Toyota,Model B,SUV,2.4,8,M6,Z,11.96,10.96,13.34,42.41,107.98
Toyota,Model C,SUV,3.3,8,A8,X,14.29,13.89,10.38,41.4,268.59
Ford,Model A,SUV,3.2,6,A8,Z,12.2,10.86,8.81,44.99,164.28
Honda,Model B,Compact,2.1,8,M5,X,14.93,5.47,9.88,22.32,202.26
Toyota,Model A,SUV,3,4,M6,X,8.29,5.27,11.62,37.9,335.49
BMW,Model B,SUV,1.2,8,A6,Z,6.69,13.29,9.15,32.59,157.61
Toyota,Model A,SUV,2.4,6,A6,Z,13.95,5.53,17.6,22.84,291.5
Ford,Model A,SUV,5.1,6,A8,Z,12.27,9.72,17.13,44.46,296.37
Ford,Model C,Truck,2.4,6,M5,Z,5.4,4.41,16.32,41.94,386.23
Ford,Model A,SUV,5.1,4,M5,X,10.71,4.89,10.48,18.86,332.55
Honda,Model B,Truck,3.7,4,A6,X,6.59,11.4,13.99,15.78,341.09
Toyota,Model B,Compact,5.4,4,M6,Z,12.97,11.58,16.74,35.65,259.48
Honda,Model C,Sedan,3.9,4,M6,X,10.94,7.76,16.06,33.12,156.03
Honda,Model B,SUV,1.1,4,A6,X,14.2,6.37,10.39,43.07,227.67
Ford,Model B,Sedan,4.4,8,A6,Z,17.08,12.95,6.46,22.02,264.85
Ford,Model B,Sedan,1.2,4,M5,X,9.5,6.39,5.98,17.53,303.53
Honda,Model A,Compact,3.3,4,M6,X,19.43,9.96,12.5,22.78,282.31
Toyota,Model A,Sedan,5.6,8,A6,Z,13.03,14.65,13.35,15.57,218.19
BMW,Model B,Truck,1.8,4,A6,X,14.27,5.63,16.05,16.08,179.59
Honda,Model C,Sedan,2.9,6,A8,Z,15.21,14.35,8.8,42.45,150.47
Toyota,Model A,Sedan,4.6,4,A6,X,15,6.01,7.18,25.56,308.15
Ford,Model C,Sedan,5.4,4,A6,Z,12.66,10.24,9.93,27.32,293.62
Ford,Model B,SUV,4.4,6,M6,X,11.43,8.15,9.6,15.55,306.21
Toyota,Model B,SUV,2.3,6,M5,X,5.81,14.61,6.72,23.12,211.76
BMW,Model A,Truck,4.4,6,M6,Z,5.33,7.01,13.74,39.14,178.72
Ford,Model B,Truck,2.5,6,M5,Z,10.37,8.4,11.61,33.46,327.92
Ford,Model A,SUV,4.6,4,A8,Z,10,14.81,14.37,37.61,332.09
Ford,Model B,Truck,5.8,6,A6,Z,10.82,9.9,9.58,28.42,236.68
Toyota,Model B,SUV,4.6,6,A8,X,7.08,9.53,9.23,24.29,283.57
Honda,Model A,Compact,5.3,8,M5,X,16.07,6.84,11.14,29.48,212.06
Ford,Model A,Sedan,1,6,M6,X,17.85,11.71,16.41,24.69,310.58
Honda,Model A,Sedan,4.6,6,M6,Z,19.08,4.16,5.52,40.17,350.72
BMW,Model B,Truck,5.1,8,A8,X,12.39,4.54,15.46,23.93,306.47
Ford,Model B,SUV,1.2,8,M5,X,15.51,10.59,9.8,34.79,253.77
Ford,Model C,SUV,5.4,4,A8,Z,17.83,7.76,16.11,19.11,237.6
BMW,Model A,Truck,2.3,8,A8,Z,11.27,14.49,15.43,35.61,292.7
Ford,Model B,SUV,4.3,4,A6,X,9.64,13.94,9.53,42.4,303.94
Honda,Model B,Compact,5,8,A8,Z,19.05,11.85,14.02,33.26,267.62
Toyota,Model A,Sedan,4.3,8,A6,X,12.74,13,7.08,31.8,287.48
Honda,Model C,Truck,1.5,4,A6,X,12.46,11.34,16.65,43.83,128.98
Toyota,Model A,Truck,4,8,M6,Z,7.68,5.38,10.26,33.82,385.53
Toyota,Model C,SUV,3.7,4,A6,X,6.62,12.42,10.92,22.79,337.23
Honda,Model B,Truck,5.5,8,A6,Z,17.63,6.31,14.17,23.77,212.18
Honda,Model C,Compact,3,6,M6,Z,14.21,7.56,15.67,36.16,268.84
Honda,Model B,SUV,2.6,8,A8,X,9.89,13.01,8.07,37.06,114.2
Honda,Model A,SUV,4.7,4,M5,X,7.88,9.9,13.6,24.1,112.37
BMW,Model A,SUV,3.1,8,M5,X,13.33,13.46,10.1,25.36,175.24
Ford,Model A,SUV,4.2,4,M5,Z,13.76,6.34,9.79,44.73,306.91
Toyota,Model C,Compact,4.2,4,A8,X,8.1,10.69,13.97,18.06,355.64
Honda,Model B,SUV,5.4,6,A6,Z,17.77,4.92,10.03,27.14,267.76
Honda,Model A,Truck,4,6,M5,Z,6.26,11.07,9.5,16.87,259.64
Honda,Model A,Compact,3.5,4,A8,X,10.34,12.39,15.87,39.63,220.69
BMW,Model B,Sedan,1.7,8,A6,Z,15.21,10.43,6.32,17.77,148.48
Honda,Model A,Sedan,1.6,4,M6,X,9.11,6.93,13.79,35.22,135.51
Honda,Model B,Truck,1.8,4,M5,X,17.42,4.34,8.23,16.69,328.2
Honda,Model B,Truck,1.9,8,A6,X,16.1,5.31,5.2,35.19,378.25
Ford,Model B,Compact,4.2,8,M5,X,16.84,10.85,7.17,40.29,237.48
BMW,Model B,Sedan,4.7,8,M5,X,6.79,14.28,12.89,26.96,297.83
Honda,Model B,Sedan,3.6,8,M5,X,7.11,6.27,14.22,30.66,374.34
Toyota,Model C,Sedan,5.1,4,A6,X,9.3,12.09,5.27,27.05,127.03
Toyota,Model A,Sedan,6,4,A8,Z,12.77,13.53,5.47,24.01,331.14
Toyota,Model C,Sedan,5.1,6,A6,X,16.22,9.73,16.73,39.1,285.05
BMW,Model A,SUV,4.5,4,M5,Z,17.55,11.36,5.95,23.16,279.59
BMW,Model C,Truck,3.7,8,A6,Z,15.57,12.97,16.62,36.69,187.76
Toyota,Model B,SUV,3.2,6,M6,Z,18.93,6.87,7.97,21.19,305.17
Honda,Model A,Sedan,1.4,8,A8,X,16.08,7.27,14.62,22.5,338.44
BMW,Model A,Compact,3,4,A6,Z,9.59,4.01,9.03,25.09,133.86
Toyota,Model C,Compact,5.6,6,M6,Z,8.98,14.59,16.16,32.67,260.06
Toyota,Model C,Sedan,5,8,A8,X,15.44,14.09,14.11,28.63,130.38
Honda,Model A,Sedan,2.1,6,M6,X,7.89,12.41,10.22,37.35,361.77
Ford,Model C,Compact,3.3,6,A8,Z,6.39,4.87,5.99,21.41,252.29
BMW,Model C,SUV,5.1,4,A6,X,12.98,8.92,14.53,15.32,342.39
Honda,Model C,SUV,1.3,8,M6,X,17.32,5.12,13.02,38.3,210.43
Toyota,Model B,Sedan,2.9,6,M5,X,6.52,4.18,5.04,39.65,137.52
Toyota,Model B,SUV,5.3,6,M6,X,16.88,10.78,5.12,16.78,112.45
Honda,Model C,Compact,3,8,A8,Z,17.17,14.57,15.51,33.33,184.45
BMW,Model C,SUV,1.4,6,A6,X,12.23,13.93,8.37,26.35,173.27
Ford,Model B,Sedan,3.7,6,A8,X,5.86,11.66,13.27,38.82,268.11
Ford,Model B,Compact,5.3,6,M6,X,7.62,5.06,10.9,41.23,106.52
Toyota,Model A,SUV,4,8,M6,Z,15.61,7.02,16.22,40.53,256.17
BMW,Model A,Truck,2.1,8,M5,Z,15.68,7.52,16.92,38.32,217.53
Ford,Model B,Compact,2.9,8,A6,X,18.48,12.39,17.96,23.07,273.14
BMW,Model C,Compact,3.3,8,A6,X,13.74,12.82,7,39.36,310.73
BMW,Model C,Truck,3.9,4,M6,Z,6.86,8.24,16.22,31,290.23
Toyota,Model C,Truck,4.8,6,A6,X,6.82,8.6,8.46,16.58,395.39
Ford,Model C,Compact,1.5,8,M5,X,15.82,4.49,12.68,28.71,141.48
Honda,Model A,Truck,5.4,6,A8,Z,7.76,7.18,11.58,43.26,228.92
Toyota,Model B,Sedan,1.1,6,A6,X,9.93,8.96,5.23,41.64,227.45
Ford,Model C,Sedan,2.9,4,M6,X,12.31,5.29,17.13,18.07,225.12
Ford,Model A,Sedan,1.1,8,A8,Z,5.37,8.99,6.02,37.32,299.14
Ford,Model C,Compact,3,8,A8,Z,8.73,13.38,13.95,39.17,246.95
Ford,Model B,Truck,3.6,6,M5,X,11.12,10.39,15.21,23.14,255.23
Ford,Model A,Truck,3.6,8,M6,Z,9.19,4.87,15.34,29.15,229.71
BMW,Model B,SUV,1.8,6,A6,X,7.05,6.11,6.76,36.33,397.51
Toyota,Model B,SUV,4.2,6,M6,X,15.92,9.22,10.82,28.17,378.27
BMW,Model A,Truck,1.2,4,A8,X,17.2,7.98,15.78,18.38,192.32
Honda,Model A,Truck,4.8,4,M6,Z,8.86,7.95,8.93,36.18,133.48
Ford,Model A,Truck,5.7,4,A6,Z,16.62,9.82,11.08,42.35,351.93
Toyota,Model A,Compact,2.7,6,A6,X,10.78,10.43,8.55,34.57,399.15
Ford,Model A,Truck,3.6,8,M5,X,12.6,12.77,11.03,38.21,187.78
Toyota,Model A,SUV,2.9,4,A6,Z,17.84,7.75,16.54,25.75,207.34
BMW,Model A,Compact,1,8,A6,Z,16.25,12.86,10.92,20.5,382.49
Toyota,Model C,Truck,2.9,4,M6,Z,17.08,7.72,12.23,34.28,313.34
Honda,Model B,SUV,5,4,M6,X,7.05,4.61,10.25,24.83,188.69
Honda,Model A,Compact,4,6,A8,Z,6.05,10.1,10.98,40.8,274.31
Toyota,Model C,Truck,1.5,4,M5,Z,18.4,10.47,5.2,18.68,383.27
Toyota,Model C,Truck,5.2,4,M6,X,10.82,14.28,8.69,28,343.54
Toyota,Model C,Truck,3.7,6,A6,X,9.32,11.99,10.68,26.9,322.55
Toyota,Model B,Compact,5.2,8,A8,X,15.87,14.1,13.24,43.14,321.1
Honda,Model A,SUV,3.9,4,M6,Z,17.55,13.99,10.85,19.59,153.41
Ford,Model C,SUV,3.8,6,M5,X,17.94,10.65,9.39,15.3,347.4
Toyota,Model B,Sedan,1.5,4,M5,X,9.74,9.81,10.05,22.14,182.84
Toyota,Model B,Truck,1.8,6,A8,X,17.78,10.13,8.15,39.61,379.11
Honda,Model B,Sedan,5.9,8,A8,X,5.61,14.76,17.02,21.28,209.39
Honda,Model C,Sedan,2.1,8,A8,Z,5.74,12.5,11.78,22.23,357.3
BMW,Model A,SUV,5.9,6,A8,X,14.35,5.17,5.17,18.9,179.87
Toyota,Model C,Compact,3.7,6,A8,Z,5.95,12.56,5.25,36.46,254.36
BMW,Model C,Compact,1.7,6,A6,Z,9.87,5.88,17.65,17.08,132.07
Honda,Model A,SUV,1.5,8,A6,Z,15.09,8.92,7.88,24.94,298.04
Honda,Model A,Compact,2,4,M6,X,10.06,6.32,15.47,23.47,350.82
Ford,Model A,Sedan,5.6,8,M5,Z,7.69,11.59,5.76,31.65,315.53
Toyota,Model B,Truck,3.1,6,A6,X,9.22,13.65,16.98,36.91,256.98
BMW,Model A,SUV,3,6,A6,X,11.86,7.19,16.37,30.99,113.53
Honda,Model C,Truck,2.6,8,A6,X,12.13,4.9,12.42,42.93,380.03
Honda,Model A,Compact,1.7,6,M6,Z,16.75,7.28,5.12,43.54,311.65
BMW,Model C,Truck,3.4,8,A8,X,16.25,11.4,8.35,25.84,323.76
Ford,Model B,Compact,1.7,6,M6,X,11.85,7.62,10.29,38.33,338.4
Honda,Model C,Compact,5.2,4,M5,X,17.69,7.06,10.98,37.16,324.32
Toyota,Model C,Sedan,2.9,4,M5,Z,6.71,6.03,8.87,41.79,232.33
Honda,Model A,Compact,2.9,6,M5,Z,8.83,9.47,5.43,28.44,320.09
Toyota,Model A,Sedan,3.4,8,M5,Z,17.42,7.04,12.67,30.91,287.51
BMW,Model C,Sedan,3.2,4,A6,X,10.67,12.04,11.81,27.47,356.2
Toyota,Model A,Sedan,6,8,A6,Z,19.72,4.84,8.68,40.51,340.74
BMW,Model B,SUV,3.7,6,M6,X,11.99,11.3,5.49,21.89,112.41
Toyota,Model B,SUV,1.4,8,A8,X,16.88,6.61,17.93,22.19,213.67
BMW,Model A,Compact,4,4,M5,Z,11.03,9.38,11.27,26.18,110.41
Toyota,Model B,Sedan,1.8,8,M6,X,11.37,7.15,14.83,21.91,130.62
Ford,Model A,SUV,1.2,8,A6,Z,10.74,11.95,10.88,31.83,280.42
Toyota,Model C,Sedan,5.9,6,A6,X,15.79,14.4,5.56,19.03,362.15
Toyota,Model C,Truck,4.9,6,A8,Z,13.21,14.09,9.02,24.61,135.95
Ford,Model B,Truck,5.9,6,A8,X,19.16,10.42,9.16,42.4,235.33
Honda,Model A,Truck,3.4,4,A8,X,8.76,9.09,15.9,27.28,373.26
Honda,Model A,Compact,3.7,4,M6,X,6.51,13,13.5,37.45,344.29
Toyota,Model B,Sedan,1.8,6,A6,X,10.9,11.52,8.58,18.4,255.9
Ford,Model C,Truck,2.2,6,A6,X,14.25,6.02,17.58,22.43,331.47
Toyota,Model B,SUV,5.2,4,A8,Z,17.91,13.03,9.18,39.22,256.81
BMW,Model C,Truck,2.8,4,M5,X,10.19,8.72,17.98,37.89,147.43
BMW,Model A,Truck,5.1,4,A8,Z,14.81,6.08,17.95,26.58,137.42
Toyota,Model C,Truck,4.5,4,M6,Z,10.25,7.1,7.49,43.63,156.51
Honda,Model B,Compact,1.9,6,A8,Z,14.26,6.94,9.07,42.32,205.28
Honda,Model A,SUV,3.5,4,A8,X,18.27,9.71,11.32,43.87,379.16
Toyota,Model B,Sedan,4.4,6,M6,X,8.47,6.58,13.63,27.84,339.9
Toyota,Model B,SUV,2.2,8,A8,X,11.06,5.36,11.86,20.92,229.84
BMW,Model C,Sedan,5.2,8,A6,Z,19.9,5.36,17.6,33.8,247.92
Honda,Model B,Compact,3.7,4,M5,X,18.03,10.42,14.41,35.54,179.68
Toyota,Model C,Compact,1.8,8,A8,X,13.47,12.08,7.76,18.76,311.31
BMW,Model A,Compact,3.9,8,M6,Z,12.75,7.54,6.37,38.59,340.83
Honda,Model C,Compact,6,8,M5,Z,9.27,4.38,13.95,15.54,171.67
Ford,Model A,Sedan,1.8,4,M6,Z,12.76,5.4,7.06,29.48,112.55
BMW,Model C,Truck,5.1,4,M5,Z,17.72,14.06,15.24,24.93,287.17
Honda,Model B,Sedan,2,8,M5,Z,15.28,9.43,9.04,37.21,268.75
Honda,Model C,SUV,4.9,6,A8,Z,9.35,8.99,9.25,24.38,220.64
BMW,Model C,Compact,4.7,8,A6,X,8.02,4.42,5.14,39.8,293.17
Ford,Model A,Compact,2.5,4,A8,Z,8.98,12.02,14.11,32.85,265.18
BMW,Model B,SUV,2.6,4,M6,X,7.55,9.81,6.47,38.82,175.17
Honda,Model C,Sedan,5,4,M6,X,6.43,6.22,15.05,44.68,219.32
Toyota,Model B,Truck,3.3,8,M5,X,11.29,5.21,11.39,35.37,228.43
Toyota,Model C,Truck,4.7,6,M5,Z,6.7,8.22,15.2,44.55,364.07
BMW,Model C,SUV,1.7,4,A6,X,7.58,13.21,12.59,15.87,388.27
Honda,Model B,Truck,5.3,4,A8,Z,13.21,13.52,6.07,25.14,367.9
Toyota,Model C,Sedan,4.6,8,M6,Z,7.47,10.63,14.95,18.24,315.75
Honda,Model B,Sedan,5.5,6,M5,X,5.96,12,5.91,22.87,275.5
BMW,Model C,SUV,1.7,8,A6,Z,9.76,5.27,11.22,40.17,306.78
Toyota,Model A,Sedan,4,4,M6,X,8.3,10.47,7.24,15.97,381.73
Honda,Model B,Compact,4,6,M5,X,12.73,11.34,14.78,30.61,175
Toyota,Model C,SUV,2.8,6,M6,Z,6.54,6.21,16.85,32.01,260.54
BMW,Model C,Sedan,3.3,4,A6,X,16.28,13.68,12.2,31.83,306.88
Honda,Model A,SUV,1.2,6,A6,X,18.59,6.14,11.85,29.26,303.77
Toyota,Model B,Truck,4.7,6,M6,X,16.15,7.45,14.93,38.72,175.68
BMW,Model C,Sedan,3.7,8,A8,Z,12.99,10.83,5.07,19.01,276.02
Toyota,Model A,Compact,1.3,4,M6,X,17.91,11.02,16.93,24.32,338.77
Toyota,Model C,Sedan,4.4,4,M5,Z,15.42,11.69,7.57,33.47,242.52
Ford,Model B,SUV,3.3,4,A8,Z,5.16,5.23,17.79,35.73,337.99
Ford,Model C,SUV,1.2,4,M5,X,10.91,13.34,14.57,27.12,207.96
BMW,Model C,Sedan,5.8,4,M6,X,17.76,9.86,15.07,41.26,381.63
Ford,Model C,Compact,5.7,6,A8,Z,10.19,9.18,13.53,27.46,260.18
BMW,Model C,Compact,3.6,8,M5,Z,5.53,14.79,11.13,27.08,278.78
Ford,Model A,Compact,1.5,4,M6,X,16.19,12.14,12.43,16.09,109.41
Toyota,Model A,SUV,4.8,8,M6,X,17.03,5.3,5.6,31.53,151.08
BMW,Model B,Sedan,3.5,8,A8,Z,7.41,12.32,13.11,36.26,289.88
BMW,Model A,Truck,2.5,6,M6,Z,13.06,5.05,13.14,18.43,225.96
Toyota,Model A,SUV,3.5,4,A6,Z,7.88,4.3,16.59,24.16,252.45
BMW,Model B,Compact,3.6,6,M5,Z,15.79,8.44,11.57,38.44,118.89
BMW,Model A,Sedan,3.8,4,M5,Z,9.07,14.93,6,25.98,350.24
Ford,Model A,Compact,3.2,6,M6,X,9.74,5.92,8.98,22.25,335.35
BMW,Model B,Truck,4,8,M6,Z,17.67,11.4,13.52,35.17,155.61
Honda,Model B,Compact,5.6,4,A6,Z,12.14,5.91,8.11,20.9,290.3
Toyota,Model B,Compact,2.8,8,A8,X,15.05,11.97,8.65,41.87,345.49
Ford,Model C,Truck,4.6,8,M6,X,11.04,9.56,15.67,18.17,292.26
Ford,Model C,Sedan,5.5,6,M6,Z,9.47,11.48,12.6,36.2,193.12
Honda,Model B,SUV,3.3,4,M6,Z,14.38,6.23,11.61,29.99,296.83
Toyota,Model B,Sedan,3.2,8,M6,X,7.32,12.2,9.14,41.1,163.14
Toyota,Model B,Truck,4,6,M5,Z,10.59,14.95,14.5,18.79,195.48
Ford,Model C,Compact,4,4,M6,Z,8.14,11.32,8.74,35.34,172.02
BMW,Model C,Sedan,5,4,M5,X,15.44,9.43,14.58,32.16,267.08
Ford,Model A,SUV,3.4,8,M6,Z,19.16,14.15,5.91,29.4,132.47
Toyota,Model A,Truck,6,4,A8,X,19.93,4.17,16.24,29.74,379.99
Honda,Model B,Sedan,1.3,8,A6,X,11.75,12.03,11.49,36.66,200.05
Ford,Model C,SUV,1,4,A8,X,8.79,13.78,10.7,43.13,165.69
Toyota,Model C,Truck,4.2,6,M6,X,11.64,4.68,12.94,17.74,248.96
Ford,Model C,SUV,2.5,8,M6,Z,17.71,8.95,13.11,15.59,183.1
BMW,Model B,Truck,2.2,8,M6,X,8.09,6.25,6.72,39.17,260.47
Ford,Model A,Compact,2.6,4,A8,Z,19.28,10.23,14.83,18.25,204.55
Ford,Model B,Sedan,2.3,4,M6,Z,10.13,11.14,8.59,44.6,139.62
Toyota,Model A,SUV,1.2,8,A8,Z,19.79,7.33,16.76,33.58,179.77
Toyota,Model A,Truck,5.9,4,M5,Z,17.58,9.06,15.63,34.53,231.53
Toyota,Model B,SUV,2.1,6,A6,Z,17.13,7.07,9.5,20.97,109.09
Ford,Model A,SUV,4.7,4,A6,X,9.77,8.06,15.5,22.21,331.19
BMW,Model A,Sedan,4.8,6,A8,X,5.13,5.75,9.63,34.78,286.55
Honda,Model C,Compact,5.6,6,M5,X,10.73,13.74,6.31,42.29,280.41
Honda,Model A,SUV,1.2,6,A8,X,9.53,4.11,17.5,44.47,263.81
Toyota,Model B,Truck,5.4,6,M5,Z,5.56,13.71,13.48,20.94,277.09
Toyota,Model B,Truck,3.6,6,M6,X,12.58,10.29,10.93,19.02,380.4
Ford,Model A,Compact,4.2,4,M5,Z,11.05,7.65,10.17,16.69,102.57
Honda,Model C,Truck,4.2,6,M5,Z,14.52,11.95,9.22,41.05,114.34
Toyota,Model C,Compact,5.1,4,M5,X,14.32,9.59,17.76,23.84,157.45
BMW,Model A,Truck,2.7,6,A6,X,6.81,9.49,6.75,15.05,150.19
BMW,Model A,Sedan,4.7,8,M5,X,19.65,5.21,9.09,21.71,154.36
Toyota,Model B,SUV,3.6,6,M6,X,7.8,8.28,11.31,25.21,301.58
Toyota,Model A,Sedan,5,8,M6,Z,11.68,6.65,11.21,44.73,237.84
Honda,Model C,SUV,6,6,M6,Z,12.32,4.17,11.13,30.71,397.53
Honda,Model A,SUV,2,6,M5,X,17.2,7.96,7.29,21.14,168.07
Ford,Model B,SUV,6,6,A8,Z,6.49,4.99,6.88,25.04,193.25
Honda,Model B,Sedan,1.4,8,A8,Z,11.43,6.83,8.31,24.91,395.27
BMW,Model B,SUV,1,8,M6,Z,14.43,5.02,16.89,15.59,349.53
BMW,Model B,Sedan,1.2,6,A6,X,8.23,5.11,6.47,19.06,240.94
Toyota,Model B,Compact,2.7,4,A8,Z,14.41,6.19,14.85,35.86,266.38
Honda,Model A,Truck,4.2,6,M5,X,18.85,15,14.85,18.61,352.95
Ford,Model A,Truck,1.3,8,A8,X,19.96,4.02,15.53,21.92,244.29
BMW,Model A,SUV,1,6,M6,Z,5.49,11.03,16.53,25.52,161.81
BMW,Model A,Sedan,5.7,8,A6,Z,8.53,5.55,8.42,37.73,348.53
Ford,Model B,Truck,5.1,8,A8,X,9.65,14.13,7.92,32.47,261.33
Ford,Model C,Sedan,5,8,A8,Z,10.99,5.03,11.05,35.67,145.91
BMW,Model A,Sedan,5.4,6,M6,Z,8.63,14.51,8.45,32.01,251.68
BMW,Model C,SUV,4.5,8,A6,X,8.05,10.72,14.55,35.51,223.96
Ford,Model A,Truck,1.5,8,A6,X,19.32,4.01,13.27,15.09,363.05
BMW,Model A,SUV,3,6,M6,X,18.78,13.83,16.37,42.93,137.82
Toyota,Model C,SUV,4.6,8,M5,X,5.7,9.74,6.08,18.33,362.56
Toyota,Model B,Truck,2.4,6,A8,Z,10.08,6.89,16.9,27.19,253.66
Ford,Model A,Truck,4.4,8,M5,Z,11.08,12.44,8.81,38.13,221.31
Honda,Model A,Compact,1.1,4,A8,X,8.59,14.19,11.38,28.06,148.59
Ford,Model A,Compact,2.5,4,A8,X,14.43,9.32,10.7,43.41,310.25
Ford,Model C,Sedan,3.7,8,M5,X,14.61,7.47,14.88,29.03,378.04
Honda,Model B,Truck,4.2,4,M6,Z,17.76,12.68,10.46,41.25,212.61
Honda,Model C,Compact,3.9,6,M6,X,16.11,11.5,17.27,39.32,172.48
Honda,Model C,Sedan,4.5,4,A8,Z,13.14,13.78,16.73,44.43,266.46
Toyota,Model B,Sedan,1,8,M6,X,14.8,11.62,16.34,42.8,338.86
BMW,Model C,Sedan,1.5,8,A8,X,9.11,6.68,5.93,41.94,101.13
Toyota,Model B,Compact,5.3,6,M6,X,13.9,14.25,16.11,36.95,289.41
BMW,Model A,Truck,4.4,8,A8,Z,12.34,5.15,15.16,26.01,278.95
Toyota,Model B,SUV,1.6,6,M6,Z,7,6.95,6.35,18.18,195.45
BMW,Model A,Sedan,5.2,4,A6,Z,8.64,9.72,6.4,35.66,235.43
Toyota,Model C,Compact,2.2,4,M5,X,9.38,10.22,6.32,44.36,174.09
Honda,Model C,Compact,3.4,6,A6,Z,18.86,4.17,5.15,36.8,336.97
Ford,Model A,SUV,1.7,6,M5,Z,8.46,12.59,12.13,42.86,290.36
Toyota,Model C,SUV,4.6,8,M5,X,9.34,7.98,17.65,39.13,259.81
BMW,Model B,Compact,4.3,4,A8,X,10.54,8.47,10.7,19.89,217.76
Honda,Model A,Truck,2.1,6,M5,Z,14.96,12.9,12.03,22.48,187.42
Toyota,Model C,SUV,5.3,4,A6,Z,6.77,8.17,17.58,25.26,346.82
Toyota,Model A,Compact,3,6,A6,Z,19.31,4.52,8.32,20.05,235.42
Honda,Model B,SUV,2.5,4,M6,Z,17.98,5.94,16.16,32.45,250.43
Toyota,Model B,Truck,1.8,8,A6,X,13.66,14.51,12.1,44.26,256.25
Ford,Model C,Sedan,2.3,4,M6,X,15.11,4.77,12.4,37.84,234.51
Toyota,Model B,SUV,1.1,4,M5,X,5.25,7.9,9.46,27.7,176.83
Ford,Model A,Truck,3.9,4,A6,Z,10.08,9.53,12.3,15.14,136.1
Ford,Model B,Compact,5.2,4,M5,Z,16.93,9.43,5.95,24.4,129.56
Honda,Model A,SUV,3.7,4,A6,X,6.16,4.04,14.94,30.8,327.24
Toyota,Model A,SUV,2.1,8,A6,X,9.23,9.51,8.7,24.73,167.06
Honda,Model B,Compact,1.2,6,M6,Z,13.78,8.22,16.54,18.33,116.7
Toyota,Model C,Sedan,2.1,4,M5,Z,8.85,14.69,9.78,28.28,339.26
Toyota,Model B,Compact,3.1,8,A6,X,19.01,5.75,6.86,22.6,146.22
BMW,Model A,SUV,4.8,4,A8,X,6.97,7.9,14.05,42.28,287.54
Toyota,Model A,Compact,1.9,4,M5,X,16.96,8.61,7.14,18.05,201.59
Honda,Model B,Truck,4.6,6,M5,Z,12.62,8.3,14.8,16.47,137.94
Ford,Model C,Compact,5.3,4,M5,Z,16.25,11.32,17.59,15.16,224.34
Toyota,Model C,SUV,3.3,8,M6,Z,9.66,6.37,15.13,24.84,104.44
BMW,Model A,Compact,5.1,8,A8,Z,12.72,6.43,5.29,34.81,352.31
Honda,Model A,Sedan,3.8,6,M5,Z,17.85,12.02,12.8,36.91,254.05
Toyota,Model C,Compact,4.2,4,A6,Z,12,9.5,14.04,28.6,141.75
Honda,Model B,Sedan,3.6,8,A6,X,10.4,8.57,15.73,35.53,171.09
BMW,Model A,Truck,3.3,4,M6,X,13.04,5.86,5.73,25.8,234.39
BMW,Model A,Sedan,2.2,4,A6,Z,15.76,6.06,11.24,35.03,156.66
Honda,Model C,Compact,2.5,4,M5,X,11.65,4.12,11.96,16.22,180.58
Toyota,Model B,SUV,2.4,6,A6,Z,19.08,5.01,7.2,26.72,260.32
Ford,Model C,Sedan,3.8,4,M5,X,9.42,10.13,9.19,38.73,349.78
BMW,Model B,Truck,1.6,8,A6,Z,12.13,13.81,10.72,39.09,220.55
Toyota,Model B,Sedan,5.6,4,A8,X,16.35,7.16,15.83,36.48,315.09
Toyota,Model B,Sedan,4.6,8,M6,X,15.34,7.61,17.08,21.13,363.01
Ford,Model A,Sedan,3,4,M6,Z,17.95,5.27,13.17,22.42,164.89
BMW,Model C,Truck,1.8,8,A8,Z,19.95,8.27,10.13,44.88,342.16
BMW,Model C,Compact,5.4,8,A8,X,11.4,4.41,8.3,18.1,327.22
Toyota,Model B,Sedan,5.1,4,M6,X,6.67,14.09,17.77,20.42,207.08
Toyota,Model A,Sedan,4.6,4,A8,Z,5.46,11.4,17.78,18.9,396.86
Ford,Model A,SUV,2.4,8,M5,X,15.9,14.9,17.02,24.83,178.77
Ford,Model C,Truck,3,6,A6,Z,18.11,13.71,15.21,21.31,176.44
BMW,Model A,Sedan,1.5,4,M6,Z,8.31,9.2,9.24,29.93,331.68
Honda,Model A,Truck,1.9,6,A8,X,7.38,9.72,15.62,29.28,230.4
BMW,Model B,Sedan,4.9,4,M5,Z,5.93,6.1,10.31,42.05,199.24
Toyota,Model A,Compact,4.6,4,M6,X,17.34,9.08,9.25,16.04,153.6
BMW,Model B,Compact,4,4,A8,X,9.67,13.93,14.68,24.6,329.6
Honda,Model C,Sedan,5.5,4,M6,Z,11.03,4.56,6.04,32.9,335.9
Ford,Model A,Compact,3.9,6,A8,X,12.54,13.5,5.63,33.14,269.97
Honda,Model C,Sedan,3.3,4,M6,Z,17.59,7.75,10.82,29.4,387.19
Honda,Model C,Compact,2.7,8,M5,Z,14.76,13.89,10.79,39.47,195.45
Honda,Model A,SUV,5.7,8,M5,Z,14.23,14.35,16.64,16.88,165.89
Ford,Model A,SUV,1.4,6,A6,X,7.64,11.38,6.64,39.46,303.24
Honda,Model C,SUV,5.7,4,M6,Z,12.7,11.31,6.6,29.84,327.52
Honda,Model A,Truck,5.1,8,A6,X,15.73,8.98,6.92,19.01,167.47
Honda,Model B,Truck,1.6,6,M6,Z,19.6,13.19,5.39,41.57,122.98
Toyota,Model B,SUV,3.8,4,A8,Z,8.02,14.58,5.93,34.48,343.15
Honda,Model A,Truck,5.3,8,A8,Z,5.14,12.53,13.58,19.91,392.95
Ford,Model C,Compact,3.9,8,A6,X,6.13,10.84,10.61,16.01,293.4
Honda,Model A,Sedan,5.5,6,M6,X,10.64,10.67,14.93,19.23,183.36
Honda,Model A,Sedan,5.7,4,A6,Z,17.31,13.34,17.9,33.26,399
Ford,Model C,Sedan,3.1,4,M5,Z,5.11,9.95,13.57,20.38,367.98
Honda,Model C,SUV,2.9,8,A6,X,11.85,12.84,5.66,21.77,254.01
Ford,Model B,Truck,5.7,8,A6,X,9.94,9.6,6.36,15.75,347.6
Honda,Model C,Compact,4.4,8,A8,X,5.79,4.69,16.45,36.69,344.75
Ford,Model B,Compact,1.6,4,A6,Z,11.75,8.22,11.86,39.31,380.44
Honda,Model C,SUV,1.2,6,M6,X,8.82,8.89,15.72,38.91,352.28
Honda,Model A,Compact,3.8,6,A8,Z,10.28,5.56,16.14,18.83,293.1
Toyota,Model B,Compact,5.7,4,A6,X,15.58,5.13,17.06,42.1,282.79
Toyota,Model B,Compact,5.2,6,M5,Z,12.82,9.89,17.35,35.17,240.21
Honda,Model B,Compact,4.4,8,A6,Z,6.87,4.94,12.21,41.93,287.95
Honda,Model A,Truck,1.7,6,A6,Z,19.42,7.33,9.43,28.41,338.56
BMW,Model A,Compact,2.3,6,A6,X,14.54,12.19,17.5,28.11,390.71
